case_id,user_id,department,previous_department,application,role,entitlement,hire_date,entitlement_grant_date,department_change_date,last_recertification_date,user_status,last_login_days,stale_access_days,privilege_level,toxic_combo,risk_score,recommendation,rule_explanation,confidence,history_events
CASE-0001,USR-2424,HR,,Ticketing,Analyst,export_data,2019-08-18,2020-01-06,,,active,8,15,low,0,0,retain,baseline_risk,99.0,2019-08-18|Joiner|Eintritt ins Unternehmen;2020-01-06|Grant|Berechtigung 'export_data' zugewiesen;2026-03-04|Login|Letzter Login
CASE-0002,USR-3615,Legal,,BI,Manager,export_data,2025-08-22,2025-10-12,,2025-03-15,active,87,142,low,1,68,review,inactive_login>60d (+20); stale_access>90d (+8); toxic_combination (+40),52.8,2025-03-15|Recert|Letzte Rezertifizierung (bestätigt);2025-08-22|Joiner|Eintritt ins Unternehmen;2025-10-12|Grant|Berechtigung 'export_data' zugewiesen;2025-12-15|Login|Letzter Login
CASE-0003,USR-2291,Legal,IT,Ticketing,Employee,manage_identities,2020-05-21,2020-12-02,2022-06-26,2025-09-21,active,160,316,high,0,93,revoke,inactive_login>120d (+35); stale_access>180d (+18); high_privilege (+25); dept_change_privilege_creep (+15),82.2,2020-05-21|Joiner|Eintritt ins Unternehmen;2020-12-02|Grant|Berechtigung 'manage_identities' zugewiesen;2022-06-26|Mover|Abteilungswechsel von IT nach Legal;2025-09-21|Recert|Letzte Rezertifizierung (bestätigt);2025-10-03|Login|Letzter Login
CASE-0004,USR-7227,IT,,IAM,Employee,export_data,2020-02-16,2020-03-11,,,active,162,427,low,0,65,review,inactive_login>120d (+35); stale_access>365d (+30),57.0,2020-02-16|Joiner|Eintritt ins Unternehmen;2020-03-11|Grant|Berechtigung 'export_data' zugewiesen;2025-10-01|Login|Letzter Login
CASE-0005,USR-5010,Legal,,CRM,Employee,export_data,2022-05-05,2023-04-30,,2025-12-10,terminated,97,138,high,0,83,revoke,inactive_login>60d (+20); stale_access>90d (+8); high_privilege (+25); terminated_user_orphan (+30),68.2,2022-05-05|Joiner|Eintritt ins Unternehmen;2023-04-30|Grant|Berechtigung 'export_data' zugewiesen;2025-12-05|Login|Letzter Login;2025-12-10|Recert|Letzte Rezertifizierung (bestätigt);2026-02-15|Leaver|Austritt aus dem Unternehmen
CASE-0006,USR-6155,Finance,,CRM,Employee,user_support,2022-12-26,2023-01-24,,2025-12-27,active,127,202,high,0,78,revoke,inactive_login>120d (+35); stale_access>180d (+18); high_privilege (+25),61.2,2022-12-26|Joiner|Eintritt ins Unternehmen;2023-01-24|Grant|Berechtigung 'user_support' zugewiesen;2025-11-05|Login|Letzter Login;2025-12-27|Recert|Letzte Rezertifizierung (bestätigt)
CASE-0007,USR-7543,Operations,,IAM,Employee,approve_payments,2020-11-29,2021-04-05,,,active,35,260,low,0,28,retain,inactive_login>30d (+10); stale_access>180d (+18),59.8,2020-11-29|Joiner|Eintritt ins Unternehmen;2021-04-05|Grant|Berechtigung 'approve_payments' zugewiesen;2026-02-05|Login|Letzter Login
CASE-0008,USR-9669,Sales,Legal,IAM,Admin,admin_console,2021-01-23,2021-12-11,2025-05-15,2025-11-06,terminated,2,348,medium,0,83,revoke,stale_access>180d (+18); medium_privilege (+10); sensitive_role (+10); dept_change_privilege_creep (+15); terminated_user_orphan (+30),68.2,2021-01-23|Joiner|Eintritt ins Unternehmen;2021-12-11|Grant|Berechtigung 'admin_console' zugewiesen;2025-05-15|Mover|Abteilungswechsel von Legal nach Sales;2025-11-06|Recert|Letzte Rezertifizierung (bestätigt);2026-02-14|Leaver|Austritt aus dem Unternehmen;2026-03-10|Login|Letzter Login
CASE-0009,USR-5315,HR,,Ticketing,Analyst,approve_payments,2023-03-01,2023-04-28,,,active,129,467,low,0,65,review,inactive_login>120d (+35); stale_access>365d (+30),57.0,2023-03-01|Joiner|Eintritt ins Unternehmen;2023-04-28|Grant|Berechtigung 'approve_payments' zugewiesen;2025-11-03|Login|Letzter Login
CASE-0010,USR-6310,HR,IT,Payroll,Admin,read_reports,2025-01-15,2025-11-23,2026-03-02,,active,28,475,low,1,95,revoke,stale_access>365d (+30); toxic_combination (+40); sensitive_role (+10); dept_change_privilege_creep (+15),85.0,2025-01-15|Joiner|Eintritt ins Unternehmen;2025-11-23|Grant|Berechtigung 'read_reports' zugewiesen;2026-02-12|Login|Letzter Login;2026-03-02|Mover|Abteilungswechsel von IT nach HR
CASE-0011,USR-9727,Operations,,CRM,Analyst,approve_payments,2022-01-12,2022-02-11,,2025-04-16,active,168,243,high,0,78,revoke,inactive_login>120d (+35); stale_access>180d (+18); high_privilege (+25),61.2,2022-01-12|Joiner|Eintritt ins Unternehmen;2022-02-11|Grant|Berechtigung 'approve_payments' zugewiesen;2025-04-16|Recert|Letzte Rezertifizierung (bestätigt);2025-09-25|Login|Letzter Login
CASE-0012,USR-7118,Legal,,Payroll,Manager,admin_console,2024-02-04,2024-05-23,,2026-02-07,active,115,61,low,0,20,retain,inactive_login>60d (+20),71.0,2024-02-04|Joiner|Eintritt ins Unternehmen;2024-05-23|Grant|Berechtigung 'admin_console' zugewiesen;2025-11-17|Login|Letzter Login;2026-02-07|Recert|Letzte Rezertifizierung (bestätigt)
CASE-0013,USR-2104,Finance,,ERP,Employee,manage_identities,2025-07-23,2025-09-20,,2025-07-07,terminated,18,263,low,0,48,review,stale_access>180d (+18); terminated_user_orphan (+30),68.2,2025-07-07|Recert|Letzte Rezertifizierung (bestätigt);2025-07-23|Joiner|Eintritt ins Unternehmen;2025-09-20|Grant|Berechtigung 'manage_identities' zugewiesen;2026-01-24|Leaver|Austritt aus dem Unternehmen;2026-02-22|Login|Letzter Login
CASE-0014,USR-6804,Sales,,Payroll,Manager,export_data,2025-10-01,2026-02-26,,2025-10-18,active,119,442,medium,0,60,review,inactive_login>60d (+20); stale_access>365d (+30); medium_privilege (+10),64.0,2025-10-01|Joiner|Eintritt ins Unternehmen;2025-10-18|Recert|Letzte Rezertifizierung (bestätigt);2025-11-13|Login|Letzter Login;2026-02-26|Grant|Berechtigung 'export_data' zugewiesen
CASE-0015,USR-8350,IT,,CRM,Contractor,export_data,2020-06-14,2020-07-16,,2025-12-11,active,46,142,low,0,28,retain,inactive_login>30d (+10); stale_access>90d (+8); sensitive_role (+10),59.8,2020-06-14|Joiner|Eintritt ins Unternehmen;2020-07-16|Grant|Berechtigung 'export_data' zugewiesen;2025-12-11|Recert|Letzte Rezertifizierung (bestätigt);2026-01-25|Login|Letzter Login
CASE-0016,USR-8886,Finance,Operations,CRM,Employee,export_data,2025-07-09,2025-08-04,2025-09-26,2025-11-15,active,15,84,low,1,55,review,toxic_combination (+40); dept_change_privilege_creep (+15),71.0,2025-07-09|Joiner|Eintritt ins Unternehmen;2025-08-04|Grant|Berechtigung 'export_data' zugewiesen;2025-09-26|Mover|Abteilungswechsel von Operations nach Finance;2025-11-15|Recert|Letzte Rezertifizierung (bestätigt);2026-02-25|Login|Letzter Login
CASE-0017,USR-3536,Legal,,CRM,Employee,manage_identities,2024-06-13,2024-11-07,,,active,55,495,low,0,40,review,inactive_login>30d (+10); stale_access>365d (+30),57.0,2024-06-13|Joiner|Eintritt ins Unternehmen;2024-11-07|Grant|Berechtigung 'manage_identities' zugewiesen;2026-01-16|Login|Letzter Login
CASE-0018,USR-2122,Legal,Sales,Ticketing,Employee,read_reports,2022-11-12,2022-12-12,2026-01-02,2025-06-15,active,172,441,low,0,80,revoke,inactive_login>120d (+35); stale_access>365d (+30); dept_change_privilege_creep (+15),64.0,2022-11-12|Joiner|Eintritt ins Unternehmen;2022-12-12|Grant|Berechtigung 'read_reports' zugewiesen;2025-06-15|Recert|Letzte Rezertifizierung (bestätigt);2025-09-21|Login|Letzter Login;2026-01-02|Mover|Abteilungswechsel von Sales nach Legal
CASE-0019,USR-5272,Operations,,CRM,Admin,user_support,2022-02-09,2022-12-03,,2025-08-20,active,183,160,low,0,53,review,inactive_login>120d (+35); stale_access>90d (+8); sensitive_role (+10),73.8,2022-02-09|Joiner|Eintritt ins Unternehmen;2022-12-03|Grant|Berechtigung 'user_support' zugewiesen;2025-08-20|Recert|Letzte Rezertifizierung (bestätigt);2025-09-10|Login|Letzter Login
CASE-0020,USR-2638,Finance,,ERP,Analyst,admin_console,2022-09-17,2023-05-10,,2025-12-25,terminated,54,259,low,1,98,revoke,inactive_login>30d (+10); stale_access>180d (+18); toxic_combination (+40); terminated_user_orphan (+30),89.2,2022-09-17|Joiner|Eintritt ins Unternehmen;2023-05-10|Grant|Berechtigung 'admin_console' zugewiesen;2025-12-25|Recert|Letzte Rezertifizierung (bestätigt);2026-01-15|Leaver|Austritt aus dem Unternehmen;2026-01-17|Login|Letzter Login
CASE-0021,USR-5905,IT,Operations,BI,Admin,read_reports,2023-06-29,2023-11-22,2025-09-08,2025-12-20,active,34,135,low,0,43,review,inactive_login>30d (+10); stale_access>90d (+8); sensitive_role (+10); dept_change_privilege_creep (+15),61.2,2023-06-29|Joiner|Eintritt ins Unternehmen;2023-11-22|Grant|Berechtigung 'read_reports' zugewiesen;2025-09-08|Mover|Abteilungswechsel von Operations nach IT;2025-12-20|Recert|Letzte Rezertifizierung (bestätigt);2026-02-06|Login|Letzter Login
CASE-0022,USR-9280,Legal,,Payroll,Manager,manage_identities,2022-05-27,2022-10-19,,,active,13,47,medium,0,10,retain,medium_privilege (+10),85.0,2022-05-27|Joiner|Eintritt ins Unternehmen;2022-10-19|Grant|Berechtigung 'manage_identities' zugewiesen;2026-02-27|Login|Letzter Login
CASE-0023,USR-1158,IT,,ERP,Employee,read_reports,2023-02-02,2023-04-10,,,active,176,462,low,0,65,review,inactive_login>120d (+35); stale_access>365d (+30),57.0,2023-02-02|Joiner|Eintritt ins Unternehmen;2023-04-10|Grant|Berechtigung 'read_reports' zugewiesen;2025-09-17|Login|Letzter Login
CASE-0024,USR-1653,Finance,,IAM,Employee,approve_payments,2025-07-18,2025-08-25,,,active,174,127,medium,0,53,review,inactive_login>120d (+35); stale_access>90d (+8); medium_privilege (+10),73.8,2025-07-18|Joiner|Eintritt ins Unternehmen;2025-08-25|Grant|Berechtigung 'approve_payments' zugewiesen;2025-09-19|Login|Letzter Login
CASE-0025,USR-7755,HR,,ERP,Manager,approve_payments,2023-11-27,2024-10-10,,,active,188,473,low,1,105,revoke,inactive_login>120d (+35); stale_access>365d (+30); toxic_combination (+40),99.0,2023-11-27|Joiner|Eintritt ins Unternehmen;2024-10-10|Grant|Berechtigung 'approve_payments' zugewiesen;2025-09-05|Login|Letzter Login
CASE-0026,USR-6728,Finance,Legal,IAM,Analyst,approve_payments,2022-02-17,2022-07-04,2024-09-24,2025-11-02,active,57,12,medium,0,35,review,inactive_login>30d (+10); medium_privilege (+10); dept_change_privilege_creep (+15),50.0,2022-02-17|Joiner|Eintritt ins Unternehmen;2022-07-04|Grant|Berechtigung 'approve_payments' zugewiesen;2024-09-24|Mover|Abteilungswechsel von Legal nach Finance;2025-11-02|Recert|Letzte Rezertifizierung (bestätigt);2026-01-14|Login|Letzter Login
CASE-0027,USR-2889,Operations,,IAM,Employee,approve_payments,2020-02-16,2020-07-08,,2025-03-26,active,148,492,high,0,90,revoke,inactive_login>120d (+35); stale_access>365d (+30); high_privilege (+25),78.0,2020-02-16|Joiner|Eintritt ins Unternehmen;2020-07-08|Grant|Berechtigung 'approve_payments' zugewiesen;2025-03-26|Recert|Letzte Rezertifizierung (bestätigt);2025-10-15|Login|Letzter Login
CASE-0028,USR-8144,Operations,,ERP,Manager,admin_console,2023-03-23,2023-08-31,,2025-04-03,active,137,351,medium,0,63,review,inactive_login>120d (+35); stale_access>180d (+18); medium_privilege (+10),59.8,2023-03-23|Joiner|Eintritt ins Unternehmen;2023-08-31|Grant|Berechtigung 'admin_console' zugewiesen;2025-04-03|Recert|Letzte Rezertifizierung (bestätigt);2025-10-26|Login|Letzter Login
CASE-0029,USR-5920,IT,Legal,Ticketing,Analyst,manage_identities,2023-06-07,2024-01-14,2025-11-12,,active,170,209,low,0,68,review,inactive_login>120d (+35); stale_access>180d (+18); dept_change_privilege_creep (+15),52.8,2023-06-07|Joiner|Eintritt ins Unternehmen;2024-01-14|Grant|Berechtigung 'manage_identities' zugewiesen;2025-09-23|Login|Letzter Login;2025-11-12|Mover|Abteilungswechsel von Legal nach IT
CASE-0030,USR-7653,Sales,,Ticketing,Manager,read_reports,2021-07-01,2022-02-02,,2025-08-13,active,77,146,low,0,28,retain,inactive_login>60d (+20); stale_access>90d (+8),59.8,2021-07-01|Joiner|Eintritt ins Unternehmen;2022-02-02|Grant|Berechtigung 'read_reports' zugewiesen;2025-08-13|Recert|Letzte Rezertifizierung (bestätigt);2025-12-25|Login|Letzter Login
CASE-0031,USR-3780,Legal,,BI,Manager,read_reports,2022-12-17,2023-08-13,,,active,72,263,medium,0,48,review,inactive_login>60d (+20); stale_access>180d (+18); medium_privilege (+10),68.2,2022-12-17|Joiner|Eintritt ins Unternehmen;2023-08-13|Grant|Berechtigung 'read_reports' zugewiesen;2025-12-30|Login|Letzter Login
CASE-0032,USR-2193,HR,,Payroll,Employee,export_data,2021-12-25,2022-12-05,,,inactive,161,294,low,0,68,review,inactive_login>120d (+35); stale_access>180d (+18); inactive_user (+15),52.8,2021-12-25|Joiner|Eintritt ins Unternehmen;2022-12-05|Grant|Berechtigung 'export_data' zugewiesen;2025-10-02|Login|Letzter Login
CASE-0033,USR-7965,Finance,,CRM,Manager,approve_payments,2022-01-31,2022-04-17,,,active,178,265,low,0,53,review,inactive_login>120d (+35); stale_access>180d (+18),73.8,2022-01-31|Joiner|Eintritt ins Unternehmen;2022-04-17|Grant|Berechtigung 'approve_payments' zugewiesen;2025-09-15|Login|Letzter Login
CASE-0034,USR-9270,Legal,Sales,Payroll,Contractor,admin_console,2020-09-16,2021-05-08,2024-07-25,,active,114,459,low,0,75,revoke,inactive_login>60d (+20); stale_access>365d (+30); sensitive_role (+10); dept_change_privilege_creep (+15),57.0,2020-09-16|Joiner|Eintritt ins Unternehmen;2021-05-08|Grant|Berechtigung 'admin_console' zugewiesen;2024-07-25|Mover|Abteilungswechsel von Sales nach Legal;2025-11-18|Login|Letzter Login
CASE-0035,USR-4841,Operations,,IAM,Manager,manage_identities,2022-02-13,2023-01-06,,2025-08-05,active,81,457,low,0,50,review,inactive_login>60d (+20); stale_access>365d (+30),71.0,2022-02-13|Joiner|Eintritt ins Unternehmen;2023-01-06|Grant|Berechtigung 'manage_identities' zugewiesen;2025-08-05|Recert|Letzte Rezertifizierung (bestätigt);2025-12-21|Login|Letzter Login
CASE-0036,USR-7883,Sales,,Payroll,Employee,admin_console,2021-01-22,2022-01-19,,2025-06-25,active,178,10,high,0,60,review,inactive_login>120d (+35); high_privilege (+25),64.0,2021-01-22|Joiner|Eintritt ins Unternehmen;2022-01-19|Grant|Berechtigung 'admin_console' zugewiesen;2025-06-25|Recert|Letzte Rezertifizierung (bestätigt);2025-09-15|Login|Letzter Login
CASE-0037,USR-4613,Sales,,Payroll,Employee,approve_payments,2019-06-01,2019-11-29,,2025-12-16,active,69,223,low,0,38,review,inactive_login>60d (+20); stale_access>180d (+18),54.2,2019-06-01|Joiner|Eintritt ins Unternehmen;2019-11-29|Grant|Berechtigung 'approve_payments' zugewiesen;2025-12-16|Recert|Letzte Rezertifizierung (bestätigt);2026-01-02|Login|Letzter Login
CASE-0038,USR-1444,HR,,ERP,Analyst,user_support,2023-11-19,2024-02-12,,,active,109,69,high,0,45,review,inactive_login>60d (+20); high_privilege (+25),64.0,2023-11-19|Joiner|Eintritt ins Unternehmen;2024-02-12|Grant|Berechtigung 'user_support' zugewiesen;2025-11-23|Login|Letzter Login
CASE-0039,USR-7906,IT,,IAM,Employee,read_reports,2023-01-07,2023-04-26,,,active,120,9,medium,0,30,retain,inactive_login>60d (+20); medium_privilege (+10),57.0,2023-01-07|Joiner|Eintritt ins Unternehmen;2023-04-26|Grant|Berechtigung 'read_reports' zugewiesen;2025-11-12|Login|Letzter Login
CASE-0040,USR-4908,Finance,Legal,CRM,Contractor,export_data,2021-11-11,2022-10-10,2023-01-11,2025-05-29,active,171,58,medium,0,70,revoke,inactive_login>120d (+35); medium_privilege (+10); sensitive_role (+10); dept_change_privilege_creep (+15),50.0,2021-11-11|Joiner|Eintritt ins Unternehmen;2022-10-10|Grant|Berechtigung 'export_data' zugewiesen;2023-01-11|Mover|Abteilungswechsel von Legal nach Finance;2025-05-29|Recert|Letzte Rezertifizierung (bestätigt);2025-09-22|Login|Letzter Login
CASE-0041,USR-2771,Legal,,Ticketing,Analyst,read_reports,2023-06-26,2023-09-20,,2025-08-18,active,79,294,medium,1,88,revoke,inactive_login>60d (+20); stale_access>180d (+18); medium_privilege (+10); toxic_combination (+40),75.2,2023-06-26|Joiner|Eintritt ins Unternehmen;2023-09-20|Grant|Berechtigung 'read_reports' zugewiesen;2025-08-18|Recert|Letzte Rezertifizierung (bestätigt);2025-12-23|Login|Letzter Login
CASE-0042,USR-2983,Legal,,Ticketing,Employee,read_reports,2021-07-28,2021-09-05,,2026-01-13,active,88,272,low,0,38,review,inactive_login>60d (+20); stale_access>180d (+18),54.2,2021-07-28|Joiner|Eintritt ins Unternehmen;2021-09-05|Grant|Berechtigung 'read_reports' zugewiesen;2025-12-14|Login|Letzter Login;2026-01-13|Recert|Letzte Rezertifizierung (bestätigt)
CASE-0043,USR-3506,Sales,,Payroll,Manager,approve_payments,2023-03-05,2023-03-12,,2025-11-02,active,187,267,high,0,78,revoke,inactive_login>120d (+35); stale_access>180d (+18); high_privilege (+25),61.2,2023-03-05|Joiner|Eintritt ins Unternehmen;2023-03-12|Grant|Berechtigung 'approve_payments' zugewiesen;2025-09-06|Login|Letzter Login;2025-11-02|Recert|Letzte Rezertifizierung (bestätigt)
CASE-0044,USR-5569,Legal,,Payroll,Analyst,approve_payments,2025-05-20,2026-01-23,,2025-04-25,active,192,237,medium,0,63,review,inactive_login>120d (+35); stale_access>180d (+18); medium_privilege (+10),59.8,2025-04-25|Recert|Letzte Rezertifizierung (bestätigt);2025-05-20|Joiner|Eintritt ins Unternehmen;2025-09-01|Login|Letzter Login;2026-01-23|Grant|Berechtigung 'approve_payments' zugewiesen
CASE-0045,USR-5526,Sales,HR,Ticketing,Employee,read_reports,2024-11-21,2025-05-07,2025-10-16,,active,132,485,low,0,80,revoke,inactive_login>120d (+35); stale_access>365d (+30); dept_change_privilege_creep (+15),64.0,2024-11-21|Joiner|Eintritt ins Unternehmen;2025-05-07|Grant|Berechtigung 'read_reports' zugewiesen;2025-10-16|Mover|Abteilungswechsel von HR nach Sales;2025-10-31|Login|Letzter Login
CASE-0046,USR-2524,Sales,,IAM,Employee,approve_payments,2025-07-29,2026-02-09,,,active,103,354,low,0,38,review,inactive_login>60d (+20); stale_access>180d (+18),54.2,2025-07-29|Joiner|Eintritt ins Unternehmen;2025-11-29|Login|Letzter Login;2026-02-09|Grant|Berechtigung 'approve_payments' zugewiesen
CASE-0047,USR-5118,Legal,,CRM,Employee,read_reports,2025-07-22,2025-12-05,,2025-08-15,active,184,98,low,0,43,review,inactive_login>120d (+35); stale_access>90d (+8),61.2,2025-07-22|Joiner|Eintritt ins Unternehmen;2025-08-15|Recert|Letzte Rezertifizierung (bestätigt);2025-09-09|Login|Letzter Login;2025-12-05|Grant|Berechtigung 'read_reports' zugewiesen
CASE-0048,USR-5636,Sales,,ERP,Contractor,approve_payments,2021-06-04,2021-09-11,,,active,75,116,low,0,38,review,inactive_login>60d (+20); stale_access>90d (+8); sensitive_role (+10),54.2,2021-06-04|Joiner|Eintritt ins Unternehmen;2021-09-11|Grant|Berechtigung 'approve_payments' zugewiesen;2025-12-27|Login|Letzter Login
CASE-0049,USR-9042,Legal,Finance,ERP,Analyst,read_reports,2020-10-07,2021-02-25,2022-11-15,,active,146,145,low,0,58,review,inactive_login>120d (+35); stale_access>90d (+8); dept_change_privilege_creep (+15),66.8,2020-10-07|Joiner|Eintritt ins Unternehmen;2021-02-25|Grant|Berechtigung 'read_reports' zugewiesen;2022-11-15|Mover|Abteilungswechsel von Finance nach Legal;2025-10-17|Login|Letzter Login
CASE-0050,USR-1878,Sales,,CRM,Employee,approve_payments,2019-12-04,2020-04-12,,2026-01-01,active,144,485,low,1,105,revoke,inactive_login>120d (+35); stale_access>365d (+30); toxic_combination (+40),99.0,2019-12-04|Joiner|Eintritt ins Unternehmen;2020-04-12|Grant|Berechtigung 'approve_payments' zugewiesen;2025-10-19|Login|Letzter Login;2026-01-01|Recert|Letzte Rezertifizierung (bestätigt)
CASE-0051,USR-5871,Operations,,Ticketing,Employee,export_data,2024-01-06,2024-11-12,,2025-10-24,active,78,291,medium,0,48,review,inactive_login>60d (+20); stale_access>180d (+18); medium_privilege (+10),68.2,2024-01-06|Joiner|Eintritt ins Unternehmen;2024-11-12|Grant|Berechtigung 'export_data' zugewiesen;2025-10-24|Recert|Letzte Rezertifizierung (bestätigt);2025-12-24|Login|Letzter Login
CASE-0052,USR-1043,Legal,,Payroll,Analyst,export_data,2021-09-05,2022-07-23,,2025-05-31,active,176,304,low,0,53,review,inactive_login>120d (+35); stale_access>180d (+18),73.8,2021-09-05|Joiner|Eintritt ins Unternehmen;2022-07-23|Grant|Berechtigung 'export_data' zugewiesen;2025-05-31|Recert|Letzte Rezertifizierung (bestätigt);2025-09-17|Login|Letzter Login
CASE-0053,USR-4241,Finance,,Payroll,Employee,read_reports,2022-07-09,2023-07-04,,,active,139,115,medium,1,93,revoke,inactive_login>120d (+35); stale_access>90d (+8); medium_privilege (+10); toxic_combination (+40),82.2,2022-07-09|Joiner|Eintritt ins Unternehmen;2023-07-04|Grant|Berechtigung 'read_reports' zugewiesen;2025-10-24|Login|Letzter Login
CASE-0054,USR-5460,Legal,IT,Ticketing,Analyst,admin_console,2020-02-24,2020-03-26,2023-07-21,2025-10-04,active,126,224,low,0,68,review,inactive_login>120d (+35); stale_access>180d (+18); dept_change_privilege_creep (+15),52.8,2020-02-24|Joiner|Eintritt ins Unternehmen;2020-03-26|Grant|Berechtigung 'admin_console' zugewiesen;2023-07-21|Mover|Abteilungswechsel von IT nach Legal;2025-10-04|Recert|Letzte Rezertifizierung (bestätigt);2025-11-06|Login|Letzter Login
CASE-0055,USR-1339,Finance,,BI,Employee,manage_identities,2022-12-18,2023-10-24,,,active,147,20,medium,0,45,review,inactive_login>120d (+35); medium_privilege (+10),64.0,2022-12-18|Joiner|Eintritt ins Unternehmen;2023-10-24|Grant|Berechtigung 'manage_identities' zugewiesen;2025-10-16|Login|Letzter Login
CASE-0056,USR-6460,Sales,Operations,IAM,Manager,user_support,2024-04-22,2024-09-12,2025-09-02,2025-10-07,active,26,439,low,0,45,review,stale_access>365d (+30); dept_change_privilege_creep (+15),64.0,2024-04-22|Joiner|Eintritt ins Unternehmen;2024-09-12|Grant|Berechtigung 'user_support' zugewiesen;2025-09-02|Mover|Abteilungswechsel von Operations nach Sales;2025-10-07|Recert|Letzte Rezertifizierung (bestätigt);2026-02-14|Login|Letzter Login
CASE-0057,USR-1018,Sales,Finance,BI,Manager,admin_console,2023-11-03,2024-08-11,2025-05-26,2025-11-30,active,118,211,low,0,53,review,inactive_login>60d (+20); stale_access>180d (+18); dept_change_privilege_creep (+15),73.8,2023-11-03|Joiner|Eintritt ins Unternehmen;2024-08-11|Grant|Berechtigung 'admin_console' zugewiesen;2025-05-26|Mover|Abteilungswechsel von Finance nach Sales;2025-11-14|Login|Letzter Login;2025-11-30|Recert|Letzte Rezertifizierung (bestätigt)
CASE-0058,USR-8178,Finance,,BI,Manager,export_data,2024-12-08,2025-10-25,,,active,31,14,high,0,35,review,inactive_login>30d (+10); high_privilege (+25),50.0,2024-12-08|Joiner|Eintritt ins Unternehmen;2025-10-25|Grant|Berechtigung 'export_data' zugewiesen;2026-02-09|Login|Letzter Login
CASE-0059,USR-2858,Operations,,Payroll,Employee,read_reports,2021-02-14,2021-07-24,,,active,165,426,low,1,105,revoke,inactive_login>120d (+35); stale_access>365d (+30); toxic_combination (+40),99.0,2021-02-14|Joiner|Eintritt ins Unternehmen;2021-07-24|Grant|Berechtigung 'read_reports' zugewiesen;2025-09-28|Login|Letzter Login
CASE-0060,USR-9327,Sales,,BI,Employee,approve_payments,2022-05-31,2022-12-30,,2026-01-12,active,17,141,medium,0,18,retain,stale_access>90d (+8); medium_privilege (+10),73.8,2022-05-31|Joiner|Eintritt ins Unternehmen;2022-12-30|Grant|Berechtigung 'approve_payments' zugewiesen;2026-01-12|Recert|Letzte Rezertifizierung (bestätigt);2026-02-23|Login|Letzter Login
CASE-0061,USR-3434,IT,,Payroll,Employee,admin_console,2025-01-15,2025-06-01,,2025-11-17,active,123,176,low,0,43,review,inactive_login>120d (+35); stale_access>90d (+8),61.2,2025-01-15|Joiner|Eintritt ins Unternehmen;2025-06-01|Grant|Berechtigung 'admin_console' zugewiesen;2025-11-09|Login|Letzter Login;2025-11-17|Recert|Letzte Rezertifizierung (bestätigt)
CASE-0062,USR-1715,HR,,IAM,Employee,user_support,2022-12-16,2023-03-23,,,active,121,361,high,0,78,revoke,inactive_login>120d (+35); stale_access>180d (+18); high_privilege (+25),61.2,2022-12-16|Joiner|Eintritt ins Unternehmen;2023-03-23|Grant|Berechtigung 'user_support' zugewiesen;2025-11-11|Login|Letzter Login
CASE-0063,USR-8213,HR,,ERP,Contractor,admin_console,2021-01-20,2021-10-01,,,active,116,7,medium,0,40,review,inactive_login>60d (+20); medium_privilege (+10); sensitive_role (+10),57.0,2021-01-20|Joiner|Eintritt ins Unternehmen;2021-10-01|Grant|Berechtigung 'admin_console' zugewiesen;2025-11-16|Login|Letzter Login
CASE-0064,USR-9742,IT,,Payroll,Analyst,manage_identities,2021-01-29,2021-03-09,,2025-08-27,active,160,367,high,0,90,revoke,inactive_login>120d (+35); stale_access>365d (+30); high_privilege (+25),78.0,2021-01-29|Joiner|Eintritt ins Unternehmen;2021-03-09|Grant|Berechtigung 'manage_identities' zugewiesen;2025-08-27|Recert|Letzte Rezertifizierung (bestätigt);2025-10-03|Login|Letzter Login
CASE-0065,USR-2646,IT,,Payroll,Manager,approve_payments,2020-02-12,2020-06-12,,2025-05-01,active,177,153,high,0,68,review,inactive_login>120d (+35); stale_access>90d (+8); high_privilege (+25),52.8,2020-02-12|Joiner|Eintritt ins Unternehmen;2020-06-12|Grant|Berechtigung 'approve_payments' zugewiesen;2025-05-01|Recert|Letzte Rezertifizierung (bestätigt);2025-09-16|Login|Letzter Login
CASE-0066,USR-3785,HR,,CRM,Analyst,read_reports,2022-08-21,2023-02-21,,2025-06-12,active,156,445,low,0,65,review,inactive_login>120d (+35); stale_access>365d (+30),57.0,2022-08-21|Joiner|Eintritt ins Unternehmen;2023-02-21|Grant|Berechtigung 'read_reports' zugewiesen;2025-06-12|Recert|Letzte Rezertifizierung (bestätigt);2025-10-07|Login|Letzter Login
CASE-0067,USR-5712,Legal,,BI,Manager,admin_console,2025-11-20,2025-12-09,,2025-11-05,active,40,37,low,0,10,retain,inactive_login>30d (+10),85.0,2025-11-05|Recert|Letzte Rezertifizierung (bestätigt);2025-11-20|Joiner|Eintritt ins Unternehmen;2025-12-09|Grant|Berechtigung 'admin_console' zugewiesen;2026-01-31|Login|Letzter Login
CASE-0068,USR-7248,IT,,Ticketing,Manager,manage_identities,2024-02-08,2025-01-27,,2025-07-11,active,147,151,high,0,68,review,inactive_login>120d (+35); stale_access>90d (+8); high_privilege (+25),52.8,2024-02-08|Joiner|Eintritt ins Unternehmen;2025-01-27|Grant|Berechtigung 'manage_identities' zugewiesen;2025-07-11|Recert|Letzte Rezertifizierung (bestätigt);2025-10-16|Login|Letzter Login
CASE-0069,USR-4770,Finance,Legal,Ticketing,Contractor,manage_identities,2023-10-15,2024-03-04,2025-12-14,,active,56,325,low,0,53,review,inactive_login>30d (+10); stale_access>180d (+18); sensitive_role (+10); dept_change_privilege_creep (+15),73.8,2023-10-15|Joiner|Eintritt ins Unternehmen;2024-03-04|Grant|Berechtigung 'manage_identities' zugewiesen;2025-12-14|Mover|Abteilungswechsel von Legal nach Finance;2026-01-15|Login|Letzter Login
CASE-0070,USR-2476,Finance,Legal,IAM,Analyst,manage_identities,2020-11-18,2021-10-06,2023-07-30,2025-05-18,inactive,191,212,low,0,83,revoke,inactive_login>120d (+35); stale_access>180d (+18); dept_change_privilege_creep (+15); inactive_user (+15),68.2,2020-11-18|Joiner|Eintritt ins Unternehmen;2021-10-06|Grant|Berechtigung 'manage_identities' zugewiesen;2023-07-30|Mover|Abteilungswechsel von Legal nach Finance;2025-05-18|Recert|Letzte Rezertifizierung (bestätigt);2025-09-02|Login|Letzter Login
CASE-0071,USR-8894,IT,,IAM,Manager,user_support,2023-06-14,2024-03-12,,,active,86,411,low,1,90,revoke,inactive_login>60d (+20); stale_access>365d (+30); toxic_combination (+40),78.0,2023-06-14|Joiner|Eintritt ins Unternehmen;2024-03-12|Grant|Berechtigung 'user_support' zugewiesen;2025-12-16|Login|Letzter Login
CASE-0072,USR-1228,Sales,,IAM,Employee,admin_console,2021-11-17,2022-10-30,,2025-09-30,active,31,232,low,0,28,retain,inactive_login>30d (+10); stale_access>180d (+18),59.8,2021-11-17|Joiner|Eintritt ins Unternehmen;2022-10-30|Grant|Berechtigung 'admin_console' zugewiesen;2025-09-30|Recert|Letzte Rezertifizierung (bestätigt);2026-02-09|Login|Letzter Login
CASE-0073,USR-6374,Finance,,Ticketing,Employee,approve_payments,2023-08-15,2024-07-07,,2025-12-24,active,165,32,medium,0,45,review,inactive_login>120d (+35); medium_privilege (+10),64.0,2023-08-15|Joiner|Eintritt ins Unternehmen;2024-07-07|Grant|Berechtigung 'approve_payments' zugewiesen;2025-09-28|Login|Letzter Login;2025-12-24|Recert|Letzte Rezertifizierung (bestätigt)
CASE-0074,USR-8432,Sales,Finance,IAM,Analyst,user_support,2023-12-05,2024-02-03,2025-07-21,2025-09-26,active,190,356,high,0,93,revoke,inactive_login>120d (+35); stale_access>180d (+18); high_privilege (+25); dept_change_privilege_creep (+15),82.2,2023-12-05|Joiner|Eintritt ins Unternehmen;2024-02-03|Grant|Berechtigung 'user_support' zugewiesen;2025-07-21|Mover|Abteilungswechsel von Finance nach Sales;2025-09-03|Login|Letzter Login;2025-09-26|Recert|Letzte Rezertifizierung (bestätigt)
CASE-0075,USR-4559,Sales,,Payroll,Analyst,export_data,2021-01-29,2021-08-30,,2025-09-17,active,60,437,low,1,80,revoke,inactive_login>30d (+10); stale_access>365d (+30); toxic_combination (+40),64.0,2021-01-29|Joiner|Eintritt ins Unternehmen;2021-08-30|Grant|Berechtigung 'export_data' zugewiesen;2025-09-17|Recert|Letzte Rezertifizierung (bestätigt);2026-01-11|Login|Letzter Login
CASE-0076,USR-2501,HR,,BI,Employee,approve_payments,2023-05-16,2023-06-17,,,active,164,327,medium,0,63,review,inactive_login>120d (+35); stale_access>180d (+18); medium_privilege (+10),59.8,2023-05-16|Joiner|Eintritt ins Unternehmen;2023-06-17|Grant|Berechtigung 'approve_payments' zugewiesen;2025-09-29|Login|Letzter Login
CASE-0077,USR-4394,HR,,Ticketing,Analyst,approve_payments,2022-01-29,2022-04-04,,,terminated,59,168,medium,0,58,review,inactive_login>30d (+10); stale_access>90d (+8); medium_privilege (+10); terminated_user_orphan (+30),66.8,2022-01-29|Joiner|Eintritt ins Unternehmen;2022-04-04|Grant|Berechtigung 'approve_payments' zugewiesen;2026-01-12|Login|Letzter Login;2026-02-18|Leaver|Austritt aus dem Unternehmen
CASE-0078,USR-4898,HR,,Ticketing,Employee,manage_identities,2020-12-20,2021-02-25,,2025-09-11,active,4,89,low,0,0,retain,baseline_risk,99.0,2020-12-20|Joiner|Eintritt ins Unternehmen;2021-02-25|Grant|Berechtigung 'manage_identities' zugewiesen;2025-09-11|Recert|Letzte Rezertifizierung (bestätigt);2026-03-08|Login|Letzter Login
CASE-0079,USR-1710,IT,,BI,Employee,user_support,2020-08-15,2020-09-17,,2026-01-20,active,133,154,low,1,83,revoke,inactive_login>120d (+35); stale_access>90d (+8); toxic_combination (+40),68.2,2020-08-15|Joiner|Eintritt ins Unternehmen;2020-09-17|Grant|Berechtigung 'user_support' zugewiesen;2025-10-30|Login|Letzter Login;2026-01-20|Recert|Letzte Rezertifizierung (bestätigt)
CASE-0080,USR-6277,Finance,,Ticketing,Employee,approve_payments,2024-09-19,2025-04-13,,2025-04-22,active,16,64,low,0,0,retain,baseline_risk,99.0,2024-09-19|Joiner|Eintritt ins Unternehmen;2025-04-13|Grant|Berechtigung 'approve_payments' zugewiesen;2025-04-22|Recert|Letzte Rezertifizierung (bestätigt);2026-02-24|Login|Letzter Login
CASE-0081,USR-4522,Operations,,Payroll,Manager,export_data,2022-12-29,2023-07-13,,2025-05-09,active,58,211,low,0,28,retain,inactive_login>30d (+10); stale_access>180d (+18),59.8,2022-12-29|Joiner|Eintritt ins Unternehmen;2023-07-13|Grant|Berechtigung 'export_data' zugewiesen;2025-05-09|Recert|Letzte Rezertifizierung (bestätigt);2026-01-13|Login|Letzter Login
CASE-0082,USR-2099,Legal,,ERP,Employee,read_reports,2020-05-31,2020-11-08,,2025-11-09,active,23,221,low,0,18,retain,stale_access>180d (+18),73.8,2020-05-31|Joiner|Eintritt ins Unternehmen;2020-11-08|Grant|Berechtigung 'read_reports' zugewiesen;2025-11-09|Recert|Letzte Rezertifizierung (bestätigt);2026-02-17|Login|Letzter Login
CASE-0083,USR-1842,Operations,,IAM,Analyst,admin_console,2025-08-02,2025-08-18,,2025-10-14,active,79,180,low,0,28,retain,inactive_login>60d (+20); stale_access>90d (+8),59.8,2025-08-02|Joiner|Eintritt ins Unternehmen;2025-08-18|Grant|Berechtigung 'admin_console' zugewiesen;2025-10-14|Recert|Letzte Rezertifizierung (bestätigt);2025-12-23|Login|Letzter Login
CASE-0084,USR-4705,IT,,Payroll,Employee,admin_console,2024-10-03,2025-01-26,,,active,196,419,medium,0,75,revoke,inactive_login>120d (+35); stale_access>365d (+30); medium_privilege (+10),57.0,2024-10-03|Joiner|Eintritt ins Unternehmen;2025-01-26|Grant|Berechtigung 'admin_console' zugewiesen;2025-08-28|Login|Letzter Login
CASE-0085,USR-2140,IT,Legal,CRM,Manager,user_support,2022-05-07,2022-05-22,2024-05-16,2025-10-03,active,162,497,low,0,80,revoke,inactive_login>120d (+35); stale_access>365d (+30); dept_change_privilege_creep (+15),64.0,2022-05-07|Joiner|Eintritt ins Unternehmen;2022-05-22|Grant|Berechtigung 'user_support' zugewiesen;2024-05-16|Mover|Abteilungswechsel von Legal nach IT;2025-10-01|Login|Letzter Login;2025-10-03|Recert|Letzte Rezertifizierung (bestätigt)
CASE-0086,USR-2391,IT,,ERP,Employee,approve_payments,2024-01-21,2024-09-10,,,active,40,386,medium,0,50,review,inactive_login>30d (+10); stale_access>365d (+30); medium_privilege (+10),71.0,2024-01-21|Joiner|Eintritt ins Unternehmen;2024-09-10|Grant|Berechtigung 'approve_payments' zugewiesen;2026-01-31|Login|Letzter Login
CASE-0087,USR-2816,Sales,,IAM,Employee,user_support,2024-02-07,2024-10-13,,2025-10-18,active,173,303,low,0,53,review,inactive_login>120d (+35); stale_access>180d (+18),73.8,2024-02-07|Joiner|Eintritt ins Unternehmen;2024-10-13|Grant|Berechtigung 'user_support' zugewiesen;2025-09-20|Login|Letzter Login;2025-10-18|Recert|Letzte Rezertifizierung (bestätigt)
CASE-0088,USR-1126,Sales,HR,Payroll,Employee,user_support,2023-10-12,2024-08-14,2025-04-17,2025-05-12,active,110,89,low,0,35,review,inactive_login>60d (+20); dept_change_privilege_creep (+15),50.0,2023-10-12|Joiner|Eintritt ins Unternehmen;2024-08-14|Grant|Berechtigung 'user_support' zugewiesen;2025-04-17|Mover|Abteilungswechsel von HR nach Sales;2025-05-12|Recert|Letzte Rezertifizierung (bestätigt);2025-11-22|Login|Letzter Login
CASE-0089,USR-2275,Finance,,IAM,Employee,admin_console,2025-08-12,2026-01-31,,2025-11-02,active,109,293,low,0,38,review,inactive_login>60d (+20); stale_access>180d (+18),54.2,2025-08-12|Joiner|Eintritt ins Unternehmen;2025-11-02|Recert|Letzte Rezertifizierung (bestätigt);2025-11-23|Login|Letzter Login;2026-01-31|Grant|Berechtigung 'admin_console' zugewiesen
CASE-0090,USR-6928,HR,,ERP,Employee,export_data,2023-11-22,2023-12-03,,,active,27,124,low,0,8,retain,stale_access>90d (+8),87.8,2023-11-22|Joiner|Eintritt ins Unternehmen;2023-12-03|Grant|Berechtigung 'export_data' zugewiesen;2026-02-13|Login|Letzter Login
CASE-0091,USR-9355,HR,,CRM,Employee,manage_identities,2022-10-29,2023-04-21,,2025-12-08,terminated,89,372,high,0,105,revoke,inactive_login>60d (+20); stale_access>365d (+30); high_privilege (+25); terminated_user_orphan (+30),99.0,2022-10-29|Joiner|Eintritt ins Unternehmen;2023-04-21|Grant|Berechtigung 'manage_identities' zugewiesen;2025-12-08|Recert|Letzte Rezertifizierung (bestätigt);2025-12-13|Login|Letzter Login;2026-01-20|Leaver|Austritt aus dem Unternehmen
CASE-0092,USR-9095,HR,Operations,Payroll,Employee,admin_console,2020-12-27,2021-05-08,2025-09-10,,active,194,296,low,1,108,revoke,inactive_login>120d (+35); stale_access>180d (+18); toxic_combination (+40); dept_change_privilege_creep (+15),99.0,2020-12-27|Joiner|Eintritt ins Unternehmen;2021-05-08|Grant|Berechtigung 'admin_console' zugewiesen;2025-08-30|Login|Letzter Login;2025-09-10|Mover|Abteilungswechsel von Operations nach HR
CASE-0093,USR-5500,Sales,,Ticketing,Manager,read_reports,2022-12-21,2023-11-08,,2025-08-14,terminated,90,259,low,0,68,review,inactive_login>60d (+20); stale_access>180d (+18); terminated_user_orphan (+30),52.8,2022-12-21|Joiner|Eintritt ins Unternehmen;2023-11-08|Grant|Berechtigung 'read_reports' zugewiesen;2025-08-14|Recert|Letzte Rezertifizierung (bestätigt);2025-12-12|Login|Letzter Login;2026-01-13|Leaver|Austritt aus dem Unternehmen
CASE-0094,USR-1672,Finance,,Payroll,Employee,admin_console,2022-07-26,2022-09-04,,2025-12-20,active,166,96,low,0,43,review,inactive_login>120d (+35); stale_access>90d (+8),61.2,2022-07-26|Joiner|Eintritt ins Unternehmen;2022-09-04|Grant|Berechtigung 'admin_console' zugewiesen;2025-09-27|Login|Letzter Login;2025-12-20|Recert|Letzte Rezertifizierung (bestätigt)
CASE-0095,USR-8199,Finance,IT,Ticketing,Employee,admin_console,2020-01-16,2020-09-03,2023-08-02,,inactive,156,81,low,1,105,revoke,inactive_login>120d (+35); toxic_combination (+40); dept_change_privilege_creep (+15); inactive_user (+15),99.0,2020-01-16|Joiner|Eintritt ins Unternehmen;2020-09-03|Grant|Berechtigung 'admin_console' zugewiesen;2023-08-02|Mover|Abteilungswechsel von IT nach Finance;2025-10-07|Login|Letzter Login
CASE-0096,USR-5655,Legal,,IAM,Employee,user_support,2023-02-21,2024-02-04,,2025-09-25,active,168,493,high,0,90,revoke,inactive_login>120d (+35); stale_access>365d (+30); high_privilege (+25),78.0,2023-02-21|Joiner|Eintritt ins Unternehmen;2024-02-04|Grant|Berechtigung 'user_support' zugewiesen;2025-09-25|Recert|Letzte Rezertifizierung (bestätigt);2025-09-25|Login|Letzter Login
CASE-0097,USR-2388,Sales,IT,IAM,Employee,admin_console,2025-11-18,2026-02-11,2026-03-13,2026-01-10,active,96,329,medium,0,63,review,inactive_login>60d (+20); stale_access>180d (+18); medium_privilege (+10); dept_change_privilege_creep (+15),59.8,2025-11-18|Joiner|Eintritt ins Unternehmen;2025-12-06|Login|Letzter Login;2026-01-10|Recert|Letzte Rezertifizierung (bestätigt);2026-02-11|Grant|Berechtigung 'admin_console' zugewiesen;2026-03-13|Mover|Abteilungswechsel von IT nach Sales
CASE-0098,USR-6598,Sales,,Payroll,Analyst,approve_payments,2025-04-02,2025-05-20,,2025-06-29,inactive,57,70,low,0,25,retain,inactive_login>30d (+10); inactive_user (+15),64.0,2025-04-02|Joiner|Eintritt ins Unternehmen;2025-05-20|Grant|Berechtigung 'approve_payments' zugewiesen;2025-06-29|Recert|Letzte Rezertifizierung (bestätigt);2026-01-14|Login|Letzter Login
CASE-0099,USR-3147,Operations,,Ticketing,Analyst,export_data,2025-01-15,2025-10-19,,2026-01-22,terminated,39,83,low,0,40,review,inactive_login>30d (+10); terminated_user_orphan (+30),57.0,2025-01-15|Joiner|Eintritt ins Unternehmen;2025-10-19|Grant|Berechtigung 'export_data' zugewiesen;2026-01-22|Recert|Letzte Rezertifizierung (bestätigt);2026-02-01|Login|Letzter Login;2026-02-19|Leaver|Austritt aus dem Unternehmen
CASE-0100,USR-4833,HR,IT,Ticketing,Analyst,approve_payments,2021-03-16,2021-10-27,2024-05-23,,active,79,494,medium,0,75,revoke,inactive_login>60d (+20); stale_access>365d (+30); medium_privilege (+10); dept_change_privilege_creep (+15),57.0,2021-03-16|Joiner|Eintritt ins Unternehmen;2021-10-27|Grant|Berechtigung 'approve_payments' zugewiesen;2024-05-23|Mover|Abteilungswechsel von IT nach HR;2025-12-23|Login|Letzter Login
CASE-0101,USR-7859,Sales,,CRM,Admin,approve_payments,2023-06-22,2024-06-04,,2025-12-07,active,154,70,high,0,70,revoke,inactive_login>120d (+35); high_privilege (+25); sensitive_role (+10),50.0,2023-06-22|Joiner|Eintritt ins Unternehmen;2024-06-04|Grant|Berechtigung 'approve_payments' zugewiesen;2025-10-09|Login|Letzter Login;2025-12-07|Recert|Letzte Rezertifizierung (bestätigt)
CASE-0102,USR-5469,Legal,,Payroll,Manager,admin_console,2023-07-06,2024-04-15,,2025-06-02,active,37,425,low,1,80,revoke,inactive_login>30d (+10); stale_access>365d (+30); toxic_combination (+40),64.0,2023-07-06|Joiner|Eintritt ins Unternehmen;2024-04-15|Grant|Berechtigung 'admin_console' zugewiesen;2025-06-02|Recert|Letzte Rezertifizierung (bestätigt);2026-02-03|Login|Letzter Login
CASE-0103,USR-7326,Sales,,ERP,Employee,manage_identities,2024-05-28,2024-11-23,,2025-07-10,terminated,57,14,low,0,40,review,inactive_login>30d (+10); terminated_user_orphan (+30),57.0,2024-05-28|Joiner|Eintritt ins Unternehmen;2024-11-23|Grant|Berechtigung 'manage_identities' zugewiesen;2025-07-10|Recert|Letzte Rezertifizierung (bestätigt);2026-01-14|Login|Letzter Login;2026-02-25|Leaver|Austritt aus dem Unternehmen
CASE-0104,USR-1311,HR,Sales,IAM,Analyst,approve_payments,2020-12-26,2021-03-07,2025-07-08,2025-04-21,active,38,280,high,0,68,review,inactive_login>30d (+10); stale_access>180d (+18); high_privilege (+25); dept_change_privilege_creep (+15),52.8,2020-12-26|Joiner|Eintritt ins Unternehmen;2021-03-07|Grant|Berechtigung 'approve_payments' zugewiesen;2025-04-21|Recert|Letzte Rezertifizierung (bestätigt);2025-07-08|Mover|Abteilungswechsel von Sales nach HR;2026-02-02|Login|Letzter Login
CASE-0105,USR-2816,Finance,,Payroll,Employee,admin_console,2022-07-31,2022-11-30,,2025-04-13,active,137,8,medium,0,45,review,inactive_login>120d (+35); medium_privilege (+10),64.0,2022-07-31|Joiner|Eintritt ins Unternehmen;2022-11-30|Grant|Berechtigung 'admin_console' zugewiesen;2025-04-13|Recert|Letzte Rezertifizierung (bestätigt);2025-10-26|Login|Letzter Login
CASE-0106,USR-2108,HR,IT,Ticketing,Analyst,admin_console,2022-08-13,2023-03-21,2025-08-20,2025-09-12,active,129,402,high,0,105,revoke,inactive_login>120d (+35); stale_access>365d (+30); high_privilege (+25); dept_change_privilege_creep (+15),99.0,2022-08-13|Joiner|Eintritt ins Unternehmen;2023-03-21|Grant|Berechtigung 'admin_console' zugewiesen;2025-08-20|Mover|Abteilungswechsel von IT nach HR;2025-09-12|Recert|Letzte Rezertifizierung (bestätigt);2025-11-03|Login|Letzter Login
CASE-0107,USR-6649,IT,,CRM,Employee,user_support,2024-08-14,2024-09-06,,,inactive,168,321,low,0,68,review,inactive_login>120d (+35); stale_access>180d (+18); inactive_user (+15),52.8,2024-08-14|Joiner|Eintritt ins Unternehmen;2024-09-06|Grant|Berechtigung 'user_support' zugewiesen;2025-09-25|Login|Letzter Login
CASE-0108,USR-8612,IT,,BI,Analyst,export_data,2020-11-04,2020-11-27,,,active,161,93,medium,0,53,review,inactive_login>120d (+35); stale_access>90d (+8); medium_privilege (+10),73.8,2020-11-04|Joiner|Eintritt ins Unternehmen;2020-11-27|Grant|Berechtigung 'export_data' zugewiesen;2025-10-02|Login|Letzter Login
CASE-0109,USR-9444,Finance,,Payroll,Analyst,admin_console,2024-06-24,2024-07-13,,2025-08-17,active,121,129,low,0,43,review,inactive_login>120d (+35); stale_access>90d (+8),61.2,2024-06-24|Joiner|Eintritt ins Unternehmen;2024-07-13|Grant|Berechtigung 'admin_console' zugewiesen;2025-08-17|Recert|Letzte Rezertifizierung (bestätigt);2025-11-11|Login|Letzter Login
CASE-0110,USR-7334,Finance,,IAM,Employee,approve_payments,2019-11-19,2020-10-20,,2025-10-23,active,127,354,low,1,93,revoke,inactive_login>120d (+35); stale_access>180d (+18); toxic_combination (+40),82.2,2019-11-19|Joiner|Eintritt ins Unternehmen;2020-10-20|Grant|Berechtigung 'approve_payments' zugewiesen;2025-10-23|Recert|Letzte Rezertifizierung (bestätigt);2025-11-05|Login|Letzter Login
CASE-0111,USR-6021,HR,Operations,Payroll,Manager,admin_console,2020-04-10,2020-11-14,2024-01-05,2025-08-10,active,183,218,low,0,68,review,inactive_login>120d (+35); stale_access>180d (+18); dept_change_privilege_creep (+15),52.8,2020-04-10|Joiner|Eintritt ins Unternehmen;2020-11-14|Grant|Berechtigung 'admin_console' zugewiesen;2024-01-05|Mover|Abteilungswechsel von Operations nach HR;2025-08-10|Recert|Letzte Rezertifizierung (bestätigt);2025-09-10|Login|Letzter Login
CASE-0112,USR-7655,IT,,IAM,Employee,admin_console,2023-04-21,2024-03-01,,2026-02-01,active,191,347,low,0,53,review,inactive_login>120d (+35); stale_access>180d (+18),73.8,2023-04-21|Joiner|Eintritt ins Unternehmen;2024-03-01|Grant|Berechtigung 'admin_console' zugewiesen;2025-09-02|Login|Letzter Login;2026-02-01|Recert|Letzte Rezertifizierung (bestätigt)
CASE-0113,USR-7077,Sales,HR,IAM,Admin,export_data,2024-04-05,2024-04-23,2025-05-28,2025-10-28,active,195,39,medium,0,70,revoke,inactive_login>120d (+35); medium_privilege (+10); sensitive_role (+10); dept_change_privilege_creep (+15),50.0,2024-04-05|Joiner|Eintritt ins Unternehmen;2024-04-23|Grant|Berechtigung 'export_data' zugewiesen;2025-05-28|Mover|Abteilungswechsel von HR nach Sales;2025-08-29|Login|Letzter Login;2025-10-28|Recert|Letzte Rezertifizierung (bestätigt)
CASE-0114,USR-2929,Finance,,IAM,Employee,manage_identities,2022-06-22,2022-10-28,,2025-12-24,active,180,228,low,0,53,review,inactive_login>120d (+35); stale_access>180d (+18),73.8,2022-06-22|Joiner|Eintritt ins Unternehmen;2022-10-28|Grant|Berechtigung 'manage_identities' zugewiesen;2025-09-13|Login|Letzter Login;2025-12-24|Recert|Letzte Rezertifizierung (bestätigt)
CASE-0115,USR-6692,Operations,Finance,BI,Analyst,read_reports,2024-11-08,2025-02-19,2025-06-17,2025-08-22,active,140,277,low,0,68,review,inactive_login>120d (+35); stale_access>180d (+18); dept_change_privilege_creep (+15),52.8,2024-11-08|Joiner|Eintritt ins Unternehmen;2025-02-19|Grant|Berechtigung 'read_reports' zugewiesen;2025-06-17|Mover|Abteilungswechsel von Finance nach Operations;2025-08-22|Recert|Letzte Rezertifizierung (bestätigt);2025-10-23|Login|Letzter Login
CASE-0116,USR-1430,Finance,,IAM,Employee,admin_console,2021-04-20,2021-10-23,,2025-11-19,active,146,188,low,1,93,revoke,inactive_login>120d (+35); stale_access>180d (+18); toxic_combination (+40),82.2,2021-04-20|Joiner|Eintritt ins Unternehmen;2021-10-23|Grant|Berechtigung 'admin_console' zugewiesen;2025-10-17|Login|Letzter Login;2025-11-19|Recert|Letzte Rezertifizierung (bestätigt)
CASE-0117,USR-2208,Legal,,CRM,Employee,manage_identities,2020-04-25,2020-05-29,,,active,164,37,low,0,35,review,inactive_login>120d (+35),50.0,2020-04-25|Joiner|Eintritt ins Unternehmen;2020-05-29|Grant|Berechtigung 'manage_identities' zugewiesen;2025-09-29|Login|Letzter Login
CASE-0118,USR-9488,HR,,CRM,Employee,manage_identities,2025-07-13,2025-12-24,,2025-05-14,active,42,82,low,0,10,retain,inactive_login>30d (+10),85.0,2025-05-14|Recert|Letzte Rezertifizierung (bestätigt);2025-07-13|Joiner|Eintritt ins Unternehmen;2025-12-24|Grant|Berechtigung 'manage_identities' zugewiesen;2026-01-29|Login|Letzter Login
CASE-0119,USR-5961,IT,,Ticketing,Employee,admin_console,2025-03-02,2025-07-26,,2026-01-26,active,23,257,medium,0,28,retain,stale_access>180d (+18); medium_privilege (+10),59.8,2025-03-02|Joiner|Eintritt ins Unternehmen;2025-07-26|Grant|Berechtigung 'admin_console' zugewiesen;2026-01-26|Recert|Letzte Rezertifizierung (bestätigt);2026-02-17|Login|Letzter Login
CASE-0120,USR-2330,Operations,,ERP,Manager,user_support,2021-04-08,2022-03-12,,2025-03-26,active,197,295,low,0,53,review,inactive_login>120d (+35); stale_access>180d (+18),73.8,2021-04-08|Joiner|Eintritt ins Unternehmen;2022-03-12|Grant|Berechtigung 'user_support' zugewiesen;2025-03-26|Recert|Letzte Rezertifizierung (bestätigt);2025-08-27|Login|Letzter Login
CASE-0121,USR-5873,Operations,,Payroll,Manager,read_reports,2019-09-09,2020-05-21,,2025-10-05,active,176,30,low,0,35,review,inactive_login>120d (+35),50.0,2019-09-09|Joiner|Eintritt ins Unternehmen;2020-05-21|Grant|Berechtigung 'read_reports' zugewiesen;2025-09-17|Login|Letzter Login;2025-10-05|Recert|Letzte Rezertifizierung (bestätigt)
CASE-0122,USR-9437,IT,Legal,Ticketing,Manager,read_reports,2023-03-01,2024-01-06,2026-02-25,2025-09-17,active,81,123,low,0,43,review,inactive_login>60d (+20); stale_access>90d (+8); dept_change_privilege_creep (+15),61.2,2023-03-01|Joiner|Eintritt ins Unternehmen;2024-01-06|Grant|Berechtigung 'read_reports' zugewiesen;2025-09-17|Recert|Letzte Rezertifizierung (bestätigt);2025-12-21|Login|Letzter Login;2026-02-25|Mover|Abteilungswechsel von Legal nach IT
CASE-0123,USR-3616,Sales,,IAM,Employee,admin_console,2020-06-07,2020-07-03,,,active,184,160,low,0,43,review,inactive_login>120d (+35); stale_access>90d (+8),61.2,2020-06-07|Joiner|Eintritt ins Unternehmen;2020-07-03|Grant|Berechtigung 'admin_console' zugewiesen;2025-09-09|Login|Letzter Login
CASE-0124,USR-9281,Sales,,Payroll,Contractor,approve_payments,2024-08-01,2025-04-14,,,terminated,55,298,low,0,68,review,inactive_login>30d (+10); stale_access>180d (+18); sensitive_role (+10); terminated_user_orphan (+30),52.8,2024-08-01|Joiner|Eintritt ins Unternehmen;2025-04-14|Grant|Berechtigung 'approve_payments' zugewiesen;2026-01-16|Login|Letzter Login;2026-02-11|Leaver|Austritt aus dem Unternehmen
CASE-0125,USR-7606,Finance,,IAM,Manager,read_reports,2024-08-16,2025-01-10,,,active,102,26,medium,0,30,retain,inactive_login>60d (+20); medium_privilege (+10),57.0,2024-08-16|Joiner|Eintritt ins Unternehmen;2025-01-10|Grant|Berechtigung 'read_reports' zugewiesen;2025-11-30|Login|Letzter Login
CASE-0126,USR-3108,Operations,,ERP,Manager,export_data,2020-03-04,2020-09-18,,2025-05-11,active,95,406,high,0,75,revoke,inactive_login>60d (+20); stale_access>365d (+30); high_privilege (+25),57.0,2020-03-04|Joiner|Eintritt ins Unternehmen;2020-09-18|Grant|Berechtigung 'export_data' zugewiesen;2025-05-11|Recert|Letzte Rezertifizierung (bestätigt);2025-12-07|Login|Letzter Login
CASE-0127,USR-8761,Sales,,Ticketing,Employee,export_data,2020-12-18,2021-03-30,,2025-08-29,inactive,38,310,high,0,68,review,inactive_login>30d (+10); stale_access>180d (+18); high_privilege (+25); inactive_user (+15),52.8,2020-12-18|Joiner|Eintritt ins Unternehmen;2021-03-30|Grant|Berechtigung 'export_data' zugewiesen;2025-08-29|Recert|Letzte Rezertifizierung (bestätigt);2026-02-02|Login|Letzter Login
CASE-0128,USR-9721,Operations,,Payroll,Contractor,user_support,2022-12-02,2023-02-24,,2025-11-27,active,144,153,low,0,53,review,inactive_login>120d (+35); stale_access>90d (+8); sensitive_role (+10),73.8,2022-12-02|Joiner|Eintritt ins Unternehmen;2023-02-24|Grant|Berechtigung 'user_support' zugewiesen;2025-10-19|Login|Letzter Login;2025-11-27|Recert|Letzte Rezertifizierung (bestätigt)
CASE-0129,USR-4728,Legal,,BI,Employee,read_reports,2020-07-29,2021-02-28,,2025-07-25,active,149,245,low,0,53,review,inactive_login>120d (+35); stale_access>180d (+18),73.8,2020-07-29|Joiner|Eintritt ins Unternehmen;2021-02-28|Grant|Berechtigung 'read_reports' zugewiesen;2025-07-25|Recert|Letzte Rezertifizierung (bestätigt);2025-10-14|Login|Letzter Login
CASE-0130,USR-2800,HR,,CRM,Manager,read_reports,2023-08-12,2023-10-27,,,terminated,112,160,low,0,58,review,inactive_login>60d (+20); stale_access>90d (+8); terminated_user_orphan (+30),66.8,2023-08-12|Joiner|Eintritt ins Unternehmen;2023-10-27|Grant|Berechtigung 'read_reports' zugewiesen;2025-11-20|Login|Letzter Login;2026-01-24|Leaver|Austritt aus dem Unternehmen
CASE-0131,USR-7173,Operations,,IAM,Employee,approve_payments,2024-08-20,2024-09-21,,2025-12-06,active,117,467,low,0,50,review,inactive_login>60d (+20); stale_access>365d (+30),71.0,2024-08-20|Joiner|Eintritt ins Unternehmen;2024-09-21|Grant|Berechtigung 'approve_payments' zugewiesen;2025-11-15|Login|Letzter Login;2025-12-06|Recert|Letzte Rezertifizierung (bestätigt)
CASE-0132,USR-5876,HR,,IAM,Analyst,user_support,2022-04-24,2023-03-03,,,active,53,353,medium,0,38,review,inactive_login>30d (+10); stale_access>180d (+18); medium_privilege (+10),54.2,2022-04-24|Joiner|Eintritt ins Unternehmen;2023-03-03|Grant|Berechtigung 'user_support' zugewiesen;2026-01-18|Login|Letzter Login
CASE-0133,USR-5758,Operations,Legal,ERP,Employee,manage_identities,2022-06-01,2022-10-27,2025-01-11,2025-05-25,active,182,40,low,0,50,review,inactive_login>120d (+35); dept_change_privilege_creep (+15),71.0,2022-06-01|Joiner|Eintritt ins Unternehmen;2022-10-27|Grant|Berechtigung 'manage_identities' zugewiesen;2025-01-11|Mover|Abteilungswechsel von Legal nach Operations;2025-05-25|Recert|Letzte Rezertifizierung (bestätigt);2025-09-11|Login|Letzter Login
CASE-0134,USR-4920,Operations,,CRM,Employee,read_reports,2024-09-20,2025-01-08,,2025-05-06,active,171,463,low,0,65,review,inactive_login>120d (+35); stale_access>365d (+30),57.0,2024-09-20|Joiner|Eintritt ins Unternehmen;2025-01-08|Grant|Berechtigung 'read_reports' zugewiesen;2025-05-06|Recert|Letzte Rezertifizierung (bestätigt);2025-09-22|Login|Letzter Login
CASE-0135,USR-3587,Finance,,Payroll,Employee,user_support,2023-12-25,2024-06-12,,,active,121,244,medium,0,63,review,inactive_login>120d (+35); stale_access>180d (+18); medium_privilege (+10),59.8,2023-12-25|Joiner|Eintritt ins Unternehmen;2024-06-12|Grant|Berechtigung 'user_support' zugewiesen;2025-11-11|Login|Letzter Login
CASE-0136,USR-3868,Legal,Finance,Payroll,Employee,approve_payments,2022-07-20,2023-06-16,2024-03-09,,active,9,428,low,0,45,review,stale_access>365d (+30); dept_change_privilege_creep (+15),64.0,2022-07-20|Joiner|Eintritt ins Unternehmen;2023-06-16|Grant|Berechtigung 'approve_payments' zugewiesen;2024-03-09|Mover|Abteilungswechsel von Finance nach Legal;2026-03-03|Login|Letzter Login
CASE-0137,USR-9901,Legal,Operations,Ticketing,Contractor,export_data,2022-08-05,2022-08-25,2023-05-01,2026-02-03,active,34,435,low,0,65,review,inactive_login>30d (+10); stale_access>365d (+30); sensitive_role (+10); dept_change_privilege_creep (+15),57.0,2022-08-05|Joiner|Eintritt ins Unternehmen;2022-08-25|Grant|Berechtigung 'export_data' zugewiesen;2023-05-01|Mover|Abteilungswechsel von Operations nach Legal;2026-02-03|Recert|Letzte Rezertifizierung (bestätigt);2026-02-06|Login|Letzter Login
CASE-0138,USR-5833,Legal,,Ticketing,Analyst,user_support,2023-01-21,2023-04-15,,,active,193,98,low,0,43,review,inactive_login>120d (+35); stale_access>90d (+8),61.2,2023-01-21|Joiner|Eintritt ins Unternehmen;2023-04-15|Grant|Berechtigung 'user_support' zugewiesen;2025-08-31|Login|Letzter Login
CASE-0139,USR-5064,Sales,,ERP,Admin,manage_identities,2024-02-22,2024-11-12,,2025-08-24,active,98,120,low,0,38,review,inactive_login>60d (+20); stale_access>90d (+8); sensitive_role (+10),54.2,2024-02-22|Joiner|Eintritt ins Unternehmen;2024-11-12|Grant|Berechtigung 'manage_identities' zugewiesen;2025-08-24|Recert|Letzte Rezertifizierung (bestätigt);2025-12-04|Login|Letzter Login
CASE-0140,USR-8625,IT,,IAM,Employee,approve_payments,2025-11-17,2026-02-18,,2025-05-11,active,103,351,low,1,78,revoke,inactive_login>60d (+20); stale_access>180d (+18); toxic_combination (+40),61.2,2025-05-11|Recert|Letzte Rezertifizierung (bestätigt);2025-11-17|Joiner|Eintritt ins Unternehmen;2025-11-29|Login|Letzter Login;2026-02-18|Grant|Berechtigung 'approve_payments' zugewiesen
CASE-0141,USR-7121,Sales,IT,Payroll,Analyst,user_support,2022-11-01,2023-10-21,2025-08-10,2025-10-30,active,140,467,low,0,80,revoke,inactive_login>120d (+35); stale_access>365d (+30); dept_change_privilege_creep (+15),64.0,2022-11-01|Joiner|Eintritt ins Unternehmen;2023-10-21|Grant|Berechtigung 'user_support' zugewiesen;2025-08-10|Mover|Abteilungswechsel von IT nach Sales;2025-10-23|Login|Letzter Login;2025-10-30|Recert|Letzte Rezertifizierung (bestätigt)
CASE-0142,USR-2279,Operations,,Ticketing,Analyst,read_reports,2021-10-18,2022-02-22,,2025-09-13,active,15,424,low,0,30,retain,stale_access>365d (+30),57.0,2021-10-18|Joiner|Eintritt ins Unternehmen;2022-02-22|Grant|Berechtigung 'read_reports' zugewiesen;2025-09-13|Recert|Letzte Rezertifizierung (bestätigt);2026-02-25|Login|Letzter Login
CASE-0143,USR-9008,Operations,,ERP,Manager,admin_console,2021-01-10,2021-04-05,,,active,114,414,low,0,50,review,inactive_login>60d (+20); stale_access>365d (+30),71.0,2021-01-10|Joiner|Eintritt ins Unternehmen;2021-04-05|Grant|Berechtigung 'admin_console' zugewiesen;2025-11-18|Login|Letzter Login
CASE-0144,USR-4570,Legal,,Ticketing,Employee,read_reports,2025-09-02,2025-09-17,,2025-03-13,active,11,216,low,0,18,retain,stale_access>180d (+18),73.8,2025-03-13|Recert|Letzte Rezertifizierung (bestätigt);2025-09-02|Joiner|Eintritt ins Unternehmen;2025-09-17|Grant|Berechtigung 'read_reports' zugewiesen;2026-03-01|Login|Letzter Login
CASE-0145,USR-7887,HR,Sales,IAM,Contractor,export_data,2020-02-14,2020-10-13,2025-03-05,,active,114,445,high,0,100,revoke,inactive_login>60d (+20); stale_access>365d (+30); high_privilege (+25); sensitive_role (+10); dept_change_privilege_creep (+15),92.0,2020-02-14|Joiner|Eintritt ins Unternehmen;2020-10-13|Grant|Berechtigung 'export_data' zugewiesen;2025-03-05|Mover|Abteilungswechsel von Sales nach HR;2025-11-18|Login|Letzter Login
CASE-0146,USR-4648,IT,,ERP,Employee,read_reports,2025-05-24,2025-08-01,,2025-05-16,active,76,237,medium,0,48,review,inactive_login>60d (+20); stale_access>180d (+18); medium_privilege (+10),68.2,2025-05-16|Recert|Letzte Rezertifizierung (bestätigt);2025-05-24|Joiner|Eintritt ins Unternehmen;2025-08-01|Grant|Berechtigung 'read_reports' zugewiesen;2025-12-26|Login|Letzter Login
CASE-0147,USR-2848,HR,,ERP,Manager,user_support,2021-12-03,2022-04-09,,,active,107,314,medium,1,88,revoke,inactive_login>60d (+20); stale_access>180d (+18); medium_privilege (+10); toxic_combination (+40),75.2,2021-12-03|Joiner|Eintritt ins Unternehmen;2022-04-09|Grant|Berechtigung 'user_support' zugewiesen;2025-11-25|Login|Letzter Login
CASE-0148,USR-7590,Operations,Finance,Payroll,Employee,approve_payments,2021-08-29,2021-10-03,2025-03-10,2025-04-03,active,138,111,medium,0,68,review,inactive_login>120d (+35); stale_access>90d (+8); medium_privilege (+10); dept_change_privilege_creep (+15),52.8,2021-08-29|Joiner|Eintritt ins Unternehmen;2021-10-03|Grant|Berechtigung 'approve_payments' zugewiesen;2025-03-10|Mover|Abteilungswechsel von Finance nach Operations;2025-04-03|Recert|Letzte Rezertifizierung (bestätigt);2025-10-25|Login|Letzter Login
CASE-0149,USR-6253,Legal,,CRM,Employee,manage_identities,2022-08-04,2022-12-02,,,active,36,338,low,0,28,retain,inactive_login>30d (+10); stale_access>180d (+18),59.8,2022-08-04|Joiner|Eintritt ins Unternehmen;2022-12-02|Grant|Berechtigung 'manage_identities' zugewiesen;2026-02-04|Login|Letzter Login
CASE-0150,USR-7244,HR,,Ticketing,Employee,manage_identities,2025-08-04,2026-01-03,,2025-09-04,active,178,213,low,0,53,review,inactive_login>120d (+35); stale_access>180d (+18),73.8,2025-08-04|Joiner|Eintritt ins Unternehmen;2025-09-04|Recert|Letzte Rezertifizierung (bestätigt);2025-09-15|Login|Letzter Login;2026-01-03|Grant|Berechtigung 'manage_identities' zugewiesen
CASE-0151,USR-1944,HR,,Ticketing,Employee,export_data,2025-05-19,2026-01-17,,,active,106,285,low,0,38,review,inactive_login>60d (+20); stale_access>180d (+18),54.2,2025-05-19|Joiner|Eintritt ins Unternehmen;2025-11-26|Login|Letzter Login;2026-01-17|Grant|Berechtigung 'export_data' zugewiesen
CASE-0152,USR-1647,IT,Sales,ERP,Employee,approve_payments,2023-01-19,2023-12-17,2024-04-19,2025-09-21,active,194,300,medium,0,78,revoke,inactive_login>120d (+35); stale_access>180d (+18); medium_privilege (+10); dept_change_privilege_creep (+15),61.2,2023-01-19|Joiner|Eintritt ins Unternehmen;2023-12-17|Grant|Berechtigung 'approve_payments' zugewiesen;2024-04-19|Mover|Abteilungswechsel von Sales nach IT;2025-08-30|Login|Letzter Login;2025-09-21|Recert|Letzte Rezertifizierung (bestätigt)
CASE-0153,USR-8846,Finance,,CRM,Manager,user_support,2023-01-30,2023-07-05,,,active,154,360,low,1,93,revoke,inactive_login>120d (+35); stale_access>180d (+18); toxic_combination (+40),82.2,2023-01-30|Joiner|Eintritt ins Unternehmen;2023-07-05|Grant|Berechtigung 'user_support' zugewiesen;2025-10-09|Login|Letzter Login
CASE-0154,USR-8635,Legal,,ERP,Manager,user_support,2022-07-10,2023-01-21,,2025-11-21,active,120,389,medium,1,100,revoke,inactive_login>60d (+20); stale_access>365d (+30); medium_privilege (+10); toxic_combination (+40),92.0,2022-07-10|Joiner|Eintritt ins Unternehmen;2023-01-21|Grant|Berechtigung 'user_support' zugewiesen;2025-11-12|Login|Letzter Login;2025-11-21|Recert|Letzte Rezertifizierung (bestätigt)
CASE-0155,USR-7841,HR,,IAM,Employee,approve_payments,2023-12-28,2024-01-21,,2026-01-05,inactive,50,168,low,0,33,retain,inactive_login>30d (+10); stale_access>90d (+8); inactive_user (+15),52.8,2023-12-28|Joiner|Eintritt ins Unternehmen;2024-01-21|Grant|Berechtigung 'approve_payments' zugewiesen;2026-01-05|Recert|Letzte Rezertifizierung (bestätigt);2026-01-21|Login|Letzter Login
CASE-0156,USR-9037,IT,,Payroll,Employee,approve_payments,2025-07-10,2025-12-25,,,active,187,407,low,0,65,review,inactive_login>120d (+35); stale_access>365d (+30),57.0,2025-07-10|Joiner|Eintritt ins Unternehmen;2025-09-06|Login|Letzter Login;2025-12-25|Grant|Berechtigung 'approve_payments' zugewiesen
CASE-0157,USR-1104,Finance,,Payroll,Manager,approve_payments,2021-05-30,2022-03-04,,2025-04-05,active,161,118,low,0,43,review,inactive_login>120d (+35); stale_access>90d (+8),61.2,2021-05-30|Joiner|Eintritt ins Unternehmen;2022-03-04|Grant|Berechtigung 'approve_payments' zugewiesen;2025-04-05|Recert|Letzte Rezertifizierung (bestätigt);2025-10-02|Login|Letzter Login
CASE-0158,USR-1194,Operations,Legal,ERP,Employee,admin_console,2024-06-17,2024-12-26,2025-09-29,2025-10-08,inactive,184,140,low,0,73,revoke,inactive_login>120d (+35); stale_access>90d (+8); dept_change_privilege_creep (+15); inactive_user (+15),54.2,2024-06-17|Joiner|Eintritt ins Unternehmen;2024-12-26|Grant|Berechtigung 'admin_console' zugewiesen;2025-09-09|Login|Letzter Login;2025-09-29|Mover|Abteilungswechsel von Legal nach Operations;2025-10-08|Recert|Letzte Rezertifizierung (bestätigt)
CASE-0159,USR-5379,Legal,Finance,Payroll,Manager,read_reports,2024-03-05,2024-06-05,2024-12-04,2025-09-09,active,95,491,low,0,65,review,inactive_login>60d (+20); stale_access>365d (+30); dept_change_privilege_creep (+15),57.0,2024-03-05|Joiner|Eintritt ins Unternehmen;2024-06-05|Grant|Berechtigung 'read_reports' zugewiesen;2024-12-04|Mover|Abteilungswechsel von Finance nach Legal;2025-09-09|Recert|Letzte Rezertifizierung (bestätigt);2025-12-07|Login|Letzter Login
CASE-0160,USR-2531,Finance,,Payroll,Contractor,export_data,2021-11-18,2022-04-21,,,active,96,282,low,0,48,review,inactive_login>60d (+20); stale_access>180d (+18); sensitive_role (+10),68.2,2021-11-18|Joiner|Eintritt ins Unternehmen;2022-04-21|Grant|Berechtigung 'export_data' zugewiesen;2025-12-06|Login|Letzter Login
CASE-0161,USR-2562,Legal,,Ticketing,Analyst,read_reports,2020-04-10,2020-12-22,,,active,58,108,high,0,43,review,inactive_login>30d (+10); stale_access>90d (+8); high_privilege (+25),61.2,2020-04-10|Joiner|Eintritt ins Unternehmen;2020-12-22|Grant|Berechtigung 'read_reports' zugewiesen;2026-01-13|Login|Letzter Login
CASE-0162,USR-3938,Legal,,IAM,Manager,read_reports,2022-05-22,2022-06-15,,2025-03-28,active,53,300,low,0,28,retain,inactive_login>30d (+10); stale_access>180d (+18),59.8,2022-05-22|Joiner|Eintritt ins Unternehmen;2022-06-15|Grant|Berechtigung 'read_reports' zugewiesen;2025-03-28|Recert|Letzte Rezertifizierung (bestätigt);2026-01-18|Login|Letzter Login
CASE-0163,USR-3292,Legal,HR,BI,Analyst,user_support,2020-03-18,2020-08-19,2025-05-24,2025-09-24,active,20,256,medium,0,43,review,stale_access>180d (+18); medium_privilege (+10); dept_change_privilege_creep (+15),61.2,2020-03-18|Joiner|Eintritt ins Unternehmen;2020-08-19|Grant|Berechtigung 'user_support' zugewiesen;2025-05-24|Mover|Abteilungswechsel von HR nach Legal;2025-09-24|Recert|Letzte Rezertifizierung (bestätigt);2026-02-20|Login|Letzter Login
CASE-0164,USR-1485,Operations,,BI,Employee,manage_identities,2021-12-13,2022-01-21,,,active,200,230,low,0,53,review,inactive_login>120d (+35); stale_access>180d (+18),73.8,2021-12-13|Joiner|Eintritt ins Unternehmen;2022-01-21|Grant|Berechtigung 'manage_identities' zugewiesen;2025-08-24|Login|Letzter Login
CASE-0165,USR-2204,Legal,,ERP,Contractor,manage_identities,2024-03-10,2024-06-14,,2025-07-16,active,39,194,medium,0,48,review,inactive_login>30d (+10); stale_access>180d (+18); medium_privilege (+10); sensitive_role (+10),68.2,2024-03-10|Joiner|Eintritt ins Unternehmen;2024-06-14|Grant|Berechtigung 'manage_identities' zugewiesen;2025-07-16|Recert|Letzte Rezertifizierung (bestätigt);2026-02-01|Login|Letzter Login
CASE-0166,USR-8061,Sales,Finance,Payroll,Analyst,admin_console,2022-11-25,2023-05-29,2024-09-25,2025-06-15,active,142,262,low,0,68,review,inactive_login>120d (+35); stale_access>180d (+18); dept_change_privilege_creep (+15),52.8,2022-11-25|Joiner|Eintritt ins Unternehmen;2023-05-29|Grant|Berechtigung 'admin_console' zugewiesen;2024-09-25|Mover|Abteilungswechsel von Finance nach Sales;2025-06-15|Recert|Letzte Rezertifizierung (bestätigt);2025-10-21|Login|Letzter Login
CASE-0167,USR-4977,IT,,Ticketing,Employee,admin_console,2020-05-23,2021-03-25,,2025-04-24,inactive,43,350,low,0,43,review,inactive_login>30d (+10); stale_access>180d (+18); inactive_user (+15),61.2,2020-05-23|Joiner|Eintritt ins Unternehmen;2021-03-25|Grant|Berechtigung 'admin_console' zugewiesen;2025-04-24|Recert|Letzte Rezertifizierung (bestätigt);2026-01-28|Login|Letzter Login
CASE-0168,USR-9123,IT,Sales,Ticketing,Employee,admin_console,2024-11-16,2025-01-30,2025-10-02,2025-07-16,active,50,234,low,0,43,review,inactive_login>30d (+10); stale_access>180d (+18); dept_change_privilege_creep (+15),61.2,2024-11-16|Joiner|Eintritt ins Unternehmen;2025-01-30|Grant|Berechtigung 'admin_console' zugewiesen;2025-07-16|Recert|Letzte Rezertifizierung (bestätigt);2025-10-02|Mover|Abteilungswechsel von Sales nach IT;2026-01-21|Login|Letzter Login
CASE-0169,USR-3230,IT,,IAM,Contractor,manage_identities,2023-01-27,2023-12-11,,,active,154,485,medium,0,85,revoke,inactive_login>120d (+35); stale_access>365d (+30); medium_privilege (+10); sensitive_role (+10),71.0,2023-01-27|Joiner|Eintritt ins Unternehmen;2023-12-11|Grant|Berechtigung 'manage_identities' zugewiesen;2025-10-09|Login|Letzter Login
CASE-0170,USR-6339,Legal,,Payroll,Employee,manage_identities,2023-10-25,2024-04-06,,,active,100,186,low,0,38,review,inactive_login>60d (+20); stale_access>180d (+18),54.2,2023-10-25|Joiner|Eintritt ins Unternehmen;2024-04-06|Grant|Berechtigung 'manage_identities' zugewiesen;2025-12-02|Login|Letzter Login
CASE-0171,USR-4434,Operations,,Payroll,Manager,manage_identities,2025-06-19,2025-09-20,,,terminated,177,35,medium,0,75,revoke,inactive_login>120d (+35); medium_privilege (+10); terminated_user_orphan (+30),57.0,2025-06-19|Joiner|Eintritt ins Unternehmen;2025-09-16|Login|Letzter Login;2025-09-20|Grant|Berechtigung 'manage_identities' zugewiesen;2026-02-06|Leaver|Austritt aus dem Unternehmen
CASE-0172,USR-2211,IT,,Payroll,Analyst,admin_console,2020-11-28,2021-10-19,,,active,122,298,low,0,53,review,inactive_login>120d (+35); stale_access>180d (+18),73.8,2020-11-28|Joiner|Eintritt ins Unternehmen;2021-10-19|Grant|Berechtigung 'admin_console' zugewiesen;2025-11-10|Login|Letzter Login
CASE-0173,USR-6816,Legal,IT,CRM,Contractor,user_support,2024-01-15,2024-10-20,2025-09-19,,active,156,22,medium,0,70,revoke,inactive_login>120d (+35); medium_privilege (+10); sensitive_role (+10); dept_change_privilege_creep (+15),50.0,2024-01-15|Joiner|Eintritt ins Unternehmen;2024-10-20|Grant|Berechtigung 'user_support' zugewiesen;2025-09-19|Mover|Abteilungswechsel von IT nach Legal;2025-10-07|Login|Letzter Login
CASE-0174,USR-4621,Sales,Finance,Payroll,Analyst,manage_identities,2023-01-25,2023-09-03,2024-05-17,2025-12-31,active,100,237,medium,0,63,review,inactive_login>60d (+20); stale_access>180d (+18); medium_privilege (+10); dept_change_privilege_creep (+15),59.8,2023-01-25|Joiner|Eintritt ins Unternehmen;2023-09-03|Grant|Berechtigung 'manage_identities' zugewiesen;2024-05-17|Mover|Abteilungswechsel von Finance nach Sales;2025-12-02|Login|Letzter Login;2025-12-31|Recert|Letzte Rezertifizierung (bestätigt)
CASE-0175,USR-6707,IT,,IAM,Manager,manage_identities,2023-03-20,2023-04-02,,2025-05-23,active,116,401,low,0,50,review,inactive_login>60d (+20); stale_access>365d (+30),71.0,2023-03-20|Joiner|Eintritt ins Unternehmen;2023-04-02|Grant|Berechtigung 'manage_identities' zugewiesen;2025-05-23|Recert|Letzte Rezertifizierung (bestätigt);2025-11-16|Login|Letzter Login
CASE-0176,USR-2791,Finance,,BI,Manager,approve_payments,2024-04-05,2025-03-28,,2025-09-03,active,189,124,low,0,43,review,inactive_login>120d (+35); stale_access>90d (+8),61.2,2024-04-05|Joiner|Eintritt ins Unternehmen;2025-03-28|Grant|Berechtigung 'approve_payments' zugewiesen;2025-09-03|Recert|Letzte Rezertifizierung (bestätigt);2025-09-04|Login|Letzter Login
CASE-0177,USR-1478,Sales,,BI,Employee,admin_console,2024-02-17,2024-10-11,,2025-09-30,active,50,230,medium,0,38,review,inactive_login>30d (+10); stale_access>180d (+18); medium_privilege (+10),54.2,2024-02-17|Joiner|Eintritt ins Unternehmen;2024-10-11|Grant|Berechtigung 'admin_console' zugewiesen;2025-09-30|Recert|Letzte Rezertifizierung (bestätigt);2026-01-21|Login|Letzter Login
CASE-0178,USR-6340,Finance,,CRM,Analyst,export_data,2021-08-27,2022-01-17,,2025-09-15,active,29,134,medium,0,18,retain,stale_access>90d (+8); medium_privilege (+10),73.8,2021-08-27|Joiner|Eintritt ins Unternehmen;2022-01-17|Grant|Berechtigung 'export_data' zugewiesen;2025-09-15|Recert|Letzte Rezertifizierung (bestätigt);2026-02-11|Login|Letzter Login
CASE-0179,USR-3826,Sales,,BI,Contractor,user_support,2022-11-11,2023-09-13,,,active,76,470,medium,0,70,revoke,inactive_login>60d (+20); stale_access>365d (+30); medium_privilege (+10); sensitive_role (+10),50.0,2022-11-11|Joiner|Eintritt ins Unternehmen;2023-09-13|Grant|Berechtigung 'user_support' zugewiesen;2025-12-26|Login|Letzter Login
CASE-0180,USR-3258,HR,,Ticketing,Employee,export_data,2020-09-01,2021-01-02,,2026-01-11,active,108,95,low,0,28,retain,inactive_login>60d (+20); stale_access>90d (+8),59.8,2020-09-01|Joiner|Eintritt ins Unternehmen;2021-01-02|Grant|Berechtigung 'export_data' zugewiesen;2025-11-24|Login|Letzter Login;2026-01-11|Recert|Letzte Rezertifizierung (bestätigt)
CASE-0181,USR-1157,HR,IT,Payroll,Contractor,approve_payments,2021-04-16,2022-01-26,2023-03-15,2025-09-11,active,49,417,low,0,65,review,inactive_login>30d (+10); stale_access>365d (+30); sensitive_role (+10); dept_change_privilege_creep (+15),57.0,2021-04-16|Joiner|Eintritt ins Unternehmen;2022-01-26|Grant|Berechtigung 'approve_payments' zugewiesen;2023-03-15|Mover|Abteilungswechsel von IT nach HR;2025-09-11|Recert|Letzte Rezertifizierung (bestätigt);2026-01-22|Login|Letzter Login
CASE-0182,USR-4613,Legal,,IAM,Analyst,read_reports,2023-12-08,2024-11-23,,2025-03-27,active,70,115,low,0,28,retain,inactive_login>60d (+20); stale_access>90d (+8),59.8,2023-12-08|Joiner|Eintritt ins Unternehmen;2024-11-23|Grant|Berechtigung 'read_reports' zugewiesen;2025-03-27|Recert|Letzte Rezertifizierung (bestätigt);2026-01-01|Login|Letzter Login
CASE-0183,USR-7010,Operations,,Ticketing,Manager,read_reports,2024-11-25,2025-09-03,,,active,194,368,low,0,65,review,inactive_login>120d (+35); stale_access>365d (+30),57.0,2024-11-25|Joiner|Eintritt ins Unternehmen;2025-08-30|Login|Letzter Login;2025-09-03|Grant|Berechtigung 'read_reports' zugewiesen
CASE-0184,USR-8193,Finance,,ERP,Employee,approve_payments,2022-02-14,2022-07-17,,,active,53,415,medium,0,50,review,inactive_login>30d (+10); stale_access>365d (+30); medium_privilege (+10),71.0,2022-02-14|Joiner|Eintritt ins Unternehmen;2022-07-17|Grant|Berechtigung 'approve_payments' zugewiesen;2026-01-18|Login|Letzter Login
CASE-0185,USR-5605,HR,,Ticketing,Admin,admin_console,2024-02-24,2024-05-19,,2025-12-09,active,43,165,high,0,53,review,inactive_login>30d (+10); stale_access>90d (+8); high_privilege (+25); sensitive_role (+10),73.8,2024-02-24|Joiner|Eintritt ins Unternehmen;2024-05-19|Grant|Berechtigung 'admin_console' zugewiesen;2025-12-09|Recert|Letzte Rezertifizierung (bestätigt);2026-01-28|Login|Letzter Login
CASE-0186,USR-5543,HR,,BI,Manager,approve_payments,2025-02-12,2026-01-26,,,active,179,443,low,0,65,review,inactive_login>120d (+35); stale_access>365d (+30),57.0,2025-02-12|Joiner|Eintritt ins Unternehmen;2025-09-14|Login|Letzter Login;2026-01-26|Grant|Berechtigung 'approve_payments' zugewiesen
CASE-0187,USR-2237,HR,,BI,Employee,read_reports,2022-02-14,2023-01-27,,2025-10-29,active,103,263,medium,0,48,review,inactive_login>60d (+20); stale_access>180d (+18); medium_privilege (+10),68.2,2022-02-14|Joiner|Eintritt ins Unternehmen;2023-01-27|Grant|Berechtigung 'read_reports' zugewiesen;2025-10-29|Recert|Letzte Rezertifizierung (bestätigt);2025-11-29|Login|Letzter Login
CASE-0188,USR-6869,Finance,,ERP,Admin,admin_console,2024-06-12,2025-02-17,,2025-11-01,active,101,111,high,0,63,review,inactive_login>60d (+20); stale_access>90d (+8); high_privilege (+25); sensitive_role (+10),59.8,2024-06-12|Joiner|Eintritt ins Unternehmen;2025-02-17|Grant|Berechtigung 'admin_console' zugewiesen;2025-11-01|Recert|Letzte Rezertifizierung (bestätigt);2025-12-01|Login|Letzter Login
CASE-0189,USR-1793,Operations,,ERP,Manager,read_reports,2022-12-20,2023-05-15,,,active,160,401,medium,0,75,revoke,inactive_login>120d (+35); stale_access>365d (+30); medium_privilege (+10),57.0,2022-12-20|Joiner|Eintritt ins Unternehmen;2023-05-15|Grant|Berechtigung 'read_reports' zugewiesen;2025-10-03|Login|Letzter Login
CASE-0190,USR-5945,Sales,,CRM,Contractor,manage_identities,2021-02-13,2021-09-27,,2026-02-07,active,23,335,low,0,28,retain,stale_access>180d (+18); sensitive_role (+10),59.8,2021-02-13|Joiner|Eintritt ins Unternehmen;2021-09-27|Grant|Berechtigung 'manage_identities' zugewiesen;2026-02-07|Recert|Letzte Rezertifizierung (bestätigt);2026-02-17|Login|Letzter Login
CASE-0191,USR-2559,IT,,ERP,Analyst,approve_payments,2021-03-15,2021-04-11,,2025-04-27,active,122,39,low,0,35,review,inactive_login>120d (+35),50.0,2021-03-15|Joiner|Eintritt ins Unternehmen;2021-04-11|Grant|Berechtigung 'approve_payments' zugewiesen;2025-04-27|Recert|Letzte Rezertifizierung (bestätigt);2025-11-10|Login|Letzter Login
CASE-0192,USR-4751,Finance,,Payroll,Analyst,read_reports,2019-06-15,2019-06-20,,2025-04-17,active,187,412,low,0,65,review,inactive_login>120d (+35); stale_access>365d (+30),57.0,2019-06-15|Joiner|Eintritt ins Unternehmen;2019-06-20|Grant|Berechtigung 'read_reports' zugewiesen;2025-04-17|Recert|Letzte Rezertifizierung (bestätigt);2025-09-06|Login|Letzter Login
CASE-0193,USR-1138,HR,,Ticketing,Admin,user_support,2020-11-19,2021-06-03,,2025-12-25,active,42,225,low,0,38,review,inactive_login>30d (+10); stale_access>180d (+18); sensitive_role (+10),54.2,2020-11-19|Joiner|Eintritt ins Unternehmen;2021-06-03|Grant|Berechtigung 'user_support' zugewiesen;2025-12-25|Recert|Letzte Rezertifizierung (bestätigt);2026-01-29|Login|Letzter Login
CASE-0194,USR-7291,HR,,IAM,Analyst,export_data,2023-12-19,2024-10-30,,,active,80,405,low,0,50,review,inactive_login>60d (+20); stale_access>365d (+30),71.0,2023-12-19|Joiner|Eintritt ins Unternehmen;2024-10-30|Grant|Berechtigung 'export_data' zugewiesen;2025-12-22|Login|Letzter Login
CASE-0195,USR-4366,Operations,,Ticketing,Employee,admin_console,2025-07-21,2025-12-22,,2025-08-13,active,130,96,medium,0,53,review,inactive_login>120d (+35); stale_access>90d (+8); medium_privilege (+10),73.8,2025-07-21|Joiner|Eintritt ins Unternehmen;2025-08-13|Recert|Letzte Rezertifizierung (bestätigt);2025-11-02|Login|Letzter Login;2025-12-22|Grant|Berechtigung 'admin_console' zugewiesen
CASE-0196,USR-6916,HR,,IAM,Employee,approve_payments,2022-01-12,2022-09-23,,2025-03-18,active,99,440,medium,0,60,review,inactive_login>60d (+20); stale_access>365d (+30); medium_privilege (+10),64.0,2022-01-12|Joiner|Eintritt ins Unternehmen;2022-09-23|Grant|Berechtigung 'approve_payments' zugewiesen;2025-03-18|Recert|Letzte Rezertifizierung (bestätigt);2025-12-03|Login|Letzter Login
CASE-0197,USR-4534,Finance,,ERP,Manager,read_reports,2021-04-14,2021-12-12,,2025-07-24,terminated,101,259,low,0,68,review,inactive_login>60d (+20); stale_access>180d (+18); terminated_user_orphan (+30),52.8,2021-04-14|Joiner|Eintritt ins Unternehmen;2021-12-12|Grant|Berechtigung 'read_reports' zugewiesen;2025-07-24|Recert|Letzte Rezertifizierung (bestätigt);2025-12-01|Login|Letzter Login;2026-03-01|Leaver|Austritt aus dem Unternehmen
CASE-0198,USR-4329,Operations,,CRM,Employee,admin_console,2023-11-10,2023-12-23,,2025-11-28,active,83,200,medium,0,48,review,inactive_login>60d (+20); stale_access>180d (+18); medium_privilege (+10),68.2,2023-11-10|Joiner|Eintritt ins Unternehmen;2023-12-23|Grant|Berechtigung 'admin_console' zugewiesen;2025-11-28|Recert|Letzte Rezertifizierung (bestätigt);2025-12-19|Login|Letzter Login
CASE-0199,USR-2900,Legal,,Payroll,Analyst,admin_console,2020-02-02,2020-07-10,,2025-10-20,active,155,28,low,0,35,review,inactive_login>120d (+35),50.0,2020-02-02|Joiner|Eintritt ins Unternehmen;2020-07-10|Grant|Berechtigung 'admin_console' zugewiesen;2025-10-08|Login|Letzter Login;2025-10-20|Recert|Letzte Rezertifizierung (bestätigt)
CASE-0200,USR-9568,Legal,,Ticketing,Analyst,user_support,2020-09-08,2020-09-15,,2025-09-05,terminated,66,85,low,0,50,review,inactive_login>60d (+20); terminated_user_orphan (+30),71.0,2020-09-08|Joiner|Eintritt ins Unternehmen;2020-09-15|Grant|Berechtigung 'user_support' zugewiesen;2025-09-05|Recert|Letzte Rezertifizierung (bestätigt);2026-01-05|Login|Letzter Login;2026-03-07|Leaver|Austritt aus dem Unternehmen
CASE-0201,USR-2262,Sales,,Payroll,Employee,export_data,2020-09-02,2020-09-18,,,active,130,184,low,0,53,review,inactive_login>120d (+35); stale_access>180d (+18),73.8,2020-09-02|Joiner|Eintritt ins Unternehmen;2020-09-18|Grant|Berechtigung 'export_data' zugewiesen;2025-11-02|Login|Letzter Login
CASE-0202,USR-1042,Operations,,ERP,Employee,read_reports,2021-02-10,2021-06-21,,,active,62,23,low,0,20,retain,inactive_login>60d (+20),71.0,2021-02-10|Joiner|Eintritt ins Unternehmen;2021-06-21|Grant|Berechtigung 'read_reports' zugewiesen;2026-01-09|Login|Letzter Login
CASE-0203,USR-6241,Legal,,IAM,Employee,read_reports,2019-09-29,2020-07-09,,2025-10-11,active,146,190,low,0,53,review,inactive_login>120d (+35); stale_access>180d (+18),73.8,2019-09-29|Joiner|Eintritt ins Unternehmen;2020-07-09|Grant|Berechtigung 'read_reports' zugewiesen;2025-10-11|Recert|Letzte Rezertifizierung (bestätigt);2025-10-17|Login|Letzter Login
CASE-0204,USR-6090,Sales,,IAM,Employee,read_reports,2021-11-07,2022-07-30,,2025-08-03,terminated,141,233,low,0,83,revoke,inactive_login>120d (+35); stale_access>180d (+18); terminated_user_orphan (+30),68.2,2021-11-07|Joiner|Eintritt ins Unternehmen;2022-07-30|Grant|Berechtigung 'read_reports' zugewiesen;2025-08-03|Recert|Letzte Rezertifizierung (bestätigt);2025-10-22|Login|Letzter Login;2026-02-16|Leaver|Austritt aus dem Unternehmen
CASE-0205,USR-9954,Sales,,CRM,Analyst,approve_payments,2022-01-25,2022-09-20,,,active,1,477,low,0,30,retain,stale_access>365d (+30),57.0,2022-01-25|Joiner|Eintritt ins Unternehmen;2022-09-20|Grant|Berechtigung 'approve_payments' zugewiesen;2026-03-11|Login|Letzter Login
CASE-0206,USR-1981,Sales,Legal,CRM,Employee,user_support,2019-06-16,2019-12-05,2023-06-16,2025-11-18,active,71,47,low,0,35,review,inactive_login>60d (+20); dept_change_privilege_creep (+15),50.0,2019-06-16|Joiner|Eintritt ins Unternehmen;2019-12-05|Grant|Berechtigung 'user_support' zugewiesen;2023-06-16|Mover|Abteilungswechsel von Legal nach Sales;2025-11-18|Recert|Letzte Rezertifizierung (bestätigt);2025-12-31|Login|Letzter Login
CASE-0207,USR-7461,Sales,,ERP,Admin,admin_console,2023-12-24,2024-12-17,,2025-05-19,active,145,31,low,1,85,revoke,inactive_login>120d (+35); toxic_combination (+40); sensitive_role (+10),71.0,2023-12-24|Joiner|Eintritt ins Unternehmen;2024-12-17|Grant|Berechtigung 'admin_console' zugewiesen;2025-05-19|Recert|Letzte Rezertifizierung (bestätigt);2025-10-18|Login|Letzter Login
CASE-0208,USR-4827,Sales,,ERP,Employee,approve_payments,2022-04-11,2022-09-20,,2025-07-29,active,34,399,medium,0,50,review,inactive_login>30d (+10); stale_access>365d (+30); medium_privilege (+10),71.0,2022-04-11|Joiner|Eintritt ins Unternehmen;2022-09-20|Grant|Berechtigung 'approve_payments' zugewiesen;2025-07-29|Recert|Letzte Rezertifizierung (bestätigt);2026-02-06|Login|Letzter Login
CASE-0209,USR-8591,Finance,,IAM,Employee,read_reports,2024-05-22,2025-01-16,,2025-08-16,active,23,80,medium,0,10,retain,medium_privilege (+10),85.0,2024-05-22|Joiner|Eintritt ins Unternehmen;2025-01-16|Grant|Berechtigung 'read_reports' zugewiesen;2025-08-16|Recert|Letzte Rezertifizierung (bestätigt);2026-02-17|Login|Letzter Login
CASE-0210,USR-7492,IT,,Ticketing,Analyst,read_reports,2019-10-20,2020-02-08,,,active,173,153,low,1,83,revoke,inactive_login>120d (+35); stale_access>90d (+8); toxic_combination (+40),68.2,2019-10-20|Joiner|Eintritt ins Unternehmen;2020-02-08|Grant|Berechtigung 'read_reports' zugewiesen;2025-09-20|Login|Letzter Login
CASE-0211,USR-3290,Operations,,ERP,Employee,read_reports,2023-11-19,2024-07-08,,,active,15,425,medium,0,40,review,stale_access>365d (+30); medium_privilege (+10),57.0,2023-11-19|Joiner|Eintritt ins Unternehmen;2024-07-08|Grant|Berechtigung 'read_reports' zugewiesen;2026-02-25|Login|Letzter Login
CASE-0212,USR-2228,Legal,,ERP,Employee,read_reports,2023-11-03,2024-05-12,,,active,50,462,medium,0,50,review,inactive_login>30d (+10); stale_access>365d (+30); medium_privilege (+10),71.0,2023-11-03|Joiner|Eintritt ins Unternehmen;2024-05-12|Grant|Berechtigung 'read_reports' zugewiesen;2026-01-21|Login|Letzter Login
CASE-0213,USR-9128,Finance,Sales,ERP,Employee,export_data,2023-01-25,2023-03-29,2024-04-06,,active,174,218,low,0,68,review,inactive_login>120d (+35); stale_access>180d (+18); dept_change_privilege_creep (+15),52.8,2023-01-25|Joiner|Eintritt ins Unternehmen;2023-03-29|Grant|Berechtigung 'export_data' zugewiesen;2024-04-06|Mover|Abteilungswechsel von Sales nach Finance;2025-09-19|Login|Letzter Login
CASE-0214,USR-7750,Finance,,Ticketing,Employee,export_data,2022-06-27,2023-02-11,,2025-11-22,active,15,44,low,0,0,retain,baseline_risk,99.0,2022-06-27|Joiner|Eintritt ins Unternehmen;2023-02-11|Grant|Berechtigung 'export_data' zugewiesen;2025-11-22|Recert|Letzte Rezertifizierung (bestätigt);2026-02-25|Login|Letzter Login
CASE-0215,USR-6883,Operations,,Payroll,Employee,admin_console,2025-03-30,2025-08-05,,,active,200,248,low,0,53,review,inactive_login>120d (+35); stale_access>180d (+18),73.8,2025-03-30|Joiner|Eintritt ins Unternehmen;2025-08-05|Grant|Berechtigung 'admin_console' zugewiesen;2025-08-24|Login|Letzter Login
CASE-0216,USR-9674,HR,Operations,IAM,Employee,admin_console,2022-05-19,2022-08-20,2022-11-18,2025-11-08,active,59,498,low,0,55,review,inactive_login>30d (+10); stale_access>365d (+30); dept_change_privilege_creep (+15),71.0,2022-05-19|Joiner|Eintritt ins Unternehmen;2022-08-20|Grant|Berechtigung 'admin_console' zugewiesen;2022-11-18|Mover|Abteilungswechsel von Operations nach HR;2025-11-08|Recert|Letzte Rezertifizierung (bestätigt);2026-01-12|Login|Letzter Login
CASE-0217,USR-3885,HR,,CRM,Employee,admin_console,2025-05-01,2025-05-30,,2025-06-08,active,81,412,medium,0,60,review,inactive_login>60d (+20); stale_access>365d (+30); medium_privilege (+10),64.0,2025-05-01|Joiner|Eintritt ins Unternehmen;2025-05-30|Grant|Berechtigung 'admin_console' zugewiesen;2025-06-08|Recert|Letzte Rezertifizierung (bestätigt);2025-12-21|Login|Letzter Login
CASE-0218,USR-9064,Operations,,Ticketing,Manager,manage_identities,2023-04-17,2024-02-02,,,active,44,251,low,0,28,retain,inactive_login>30d (+10); stale_access>180d (+18),59.8,2023-04-17|Joiner|Eintritt ins Unternehmen;2024-02-02|Grant|Berechtigung 'manage_identities' zugewiesen;2026-01-27|Login|Letzter Login
CASE-0219,USR-6301,IT,,ERP,Manager,read_reports,2019-07-28,2020-04-23,,2025-06-10,active,37,300,medium,0,38,review,inactive_login>30d (+10); stale_access>180d (+18); medium_privilege (+10),54.2,2019-07-28|Joiner|Eintritt ins Unternehmen;2020-04-23|Grant|Berechtigung 'read_reports' zugewiesen;2025-06-10|Recert|Letzte Rezertifizierung (bestätigt);2026-02-03|Login|Letzter Login
CASE-0220,USR-5944,IT,,IAM,Employee,approve_payments,2025-04-01,2025-10-05,,2025-08-31,active,40,374,high,0,65,review,inactive_login>30d (+10); stale_access>365d (+30); high_privilege (+25),57.0,2025-04-01|Joiner|Eintritt ins Unternehmen;2025-08-31|Recert|Letzte Rezertifizierung (bestätigt);2025-10-05|Grant|Berechtigung 'approve_payments' zugewiesen;2026-01-31|Login|Letzter Login
CASE-0221,USR-4657,Operations,,BI,Contractor,admin_console,2022-11-27,2023-02-25,,,active,44,193,low,0,38,review,inactive_login>30d (+10); stale_access>180d (+18); sensitive_role (+10),54.2,2022-11-27|Joiner|Eintritt ins Unternehmen;2023-02-25|Grant|Berechtigung 'admin_console' zugewiesen;2026-01-27|Login|Letzter Login
CASE-0222,USR-6213,Sales,,Ticketing,Employee,approve_payments,2019-05-15,2020-05-09,,2025-06-13,active,163,289,low,0,53,review,inactive_login>120d (+35); stale_access>180d (+18),73.8,2019-05-15|Joiner|Eintritt ins Unternehmen;2020-05-09|Grant|Berechtigung 'approve_payments' zugewiesen;2025-06-13|Recert|Letzte Rezertifizierung (bestätigt);2025-09-30|Login|Letzter Login
CASE-0223,USR-6500,IT,,Payroll,Employee,read_reports,2020-03-21,2020-07-21,,2026-02-02,active,67,107,low,0,28,retain,inactive_login>60d (+20); stale_access>90d (+8),59.8,2020-03-21|Joiner|Eintritt ins Unternehmen;2020-07-21|Grant|Berechtigung 'read_reports' zugewiesen;2026-01-04|Login|Letzter Login;2026-02-02|Recert|Letzte Rezertifizierung (bestätigt)
CASE-0224,USR-6754,Operations,Sales,Ticketing,Employee,export_data,2020-07-23,2020-07-24,2026-01-28,,active,25,424,low,0,45,review,stale_access>365d (+30); dept_change_privilege_creep (+15),64.0,2020-07-23|Joiner|Eintritt ins Unternehmen;2020-07-24|Grant|Berechtigung 'export_data' zugewiesen;2026-01-28|Mover|Abteilungswechsel von Sales nach Operations;2026-02-15|Login|Letzter Login
CASE-0225,USR-2215,Finance,,IAM,Analyst,approve_payments,2021-11-16,2022-02-08,,,active,96,82,medium,0,30,retain,inactive_login>60d (+20); medium_privilege (+10),57.0,2021-11-16|Joiner|Eintritt ins Unternehmen;2022-02-08|Grant|Berechtigung 'approve_payments' zugewiesen;2025-12-06|Login|Letzter Login
CASE-0226,USR-3703,Operations,,Ticketing,Admin,export_data,2020-05-23,2020-11-13,,2026-02-09,active,40,27,low,0,20,retain,inactive_login>30d (+10); sensitive_role (+10),71.0,2020-05-23|Joiner|Eintritt ins Unternehmen;2020-11-13|Grant|Berechtigung 'export_data' zugewiesen;2026-01-31|Login|Letzter Login;2026-02-09|Recert|Letzte Rezertifizierung (bestätigt)
CASE-0227,USR-7437,Operations,,Ticketing,Employee,admin_console,2025-07-24,2026-01-25,,2025-04-06,active,125,78,low,0,35,review,inactive_login>120d (+35),50.0,2025-04-06|Recert|Letzte Rezertifizierung (bestätigt);2025-07-24|Joiner|Eintritt ins Unternehmen;2025-11-07|Login|Letzter Login;2026-01-25|Grant|Berechtigung 'admin_console' zugewiesen
CASE-0228,USR-6052,IT,HR,Payroll,Employee,export_data,2024-09-25,2025-01-06,2025-12-28,,active,125,458,medium,0,90,revoke,inactive_login>120d (+35); stale_access>365d (+30); medium_privilege (+10); dept_change_privilege_creep (+15),78.0,2024-09-25|Joiner|Eintritt ins Unternehmen;2025-01-06|Grant|Berechtigung 'export_data' zugewiesen;2025-11-07|Login|Letzter Login;2025-12-28|Mover|Abteilungswechsel von HR nach IT
CASE-0229,USR-4706,IT,,IAM,Manager,admin_console,2021-06-03,2021-12-10,,2025-07-24,inactive,15,77,medium,0,25,retain,medium_privilege (+10); inactive_user (+15),64.0,2021-06-03|Joiner|Eintritt ins Unternehmen;2021-12-10|Grant|Berechtigung 'admin_console' zugewiesen;2025-07-24|Recert|Letzte Rezertifizierung (bestätigt);2026-02-25|Login|Letzter Login
CASE-0230,USR-7858,Operations,,Ticketing,Employee,user_support,2023-03-16,2023-12-19,,2025-12-04,active,121,293,high,0,78,revoke,inactive_login>120d (+35); stale_access>180d (+18); high_privilege (+25),61.2,2023-03-16|Joiner|Eintritt ins Unternehmen;2023-12-19|Grant|Berechtigung 'user_support' zugewiesen;2025-11-11|Login|Letzter Login;2025-12-04|Recert|Letzte Rezertifizierung (bestätigt)
CASE-0231,USR-8357,Operations,,CRM,Employee,approve_payments,2019-09-27,2020-06-11,,2025-05-12,active,54,413,low,0,40,review,inactive_login>30d (+10); stale_access>365d (+30),57.0,2019-09-27|Joiner|Eintritt ins Unternehmen;2020-06-11|Grant|Berechtigung 'approve_payments' zugewiesen;2025-05-12|Recert|Letzte Rezertifizierung (bestätigt);2026-01-17|Login|Letzter Login
CASE-0232,USR-2425,Legal,,Payroll,Employee,admin_console,2024-03-25,2024-07-07,,2025-04-15,active,101,282,low,0,38,review,inactive_login>60d (+20); stale_access>180d (+18),54.2,2024-03-25|Joiner|Eintritt ins Unternehmen;2024-07-07|Grant|Berechtigung 'admin_console' zugewiesen;2025-04-15|Recert|Letzte Rezertifizierung (bestätigt);2025-12-01|Login|Letzter Login
CASE-0233,USR-2641,Operations,,ERP,Manager,admin_console,2019-06-27,2020-06-20,,2025-12-27,active,199,51,medium,0,45,review,inactive_login>120d (+35); medium_privilege (+10),64.0,2019-06-27|Joiner|Eintritt ins Unternehmen;2020-06-20|Grant|Berechtigung 'admin_console' zugewiesen;2025-08-25|Login|Letzter Login;2025-12-27|Recert|Letzte Rezertifizierung (bestätigt)
CASE-0234,USR-3356,Sales,,Ticketing,Admin,admin_console,2023-12-16,2024-04-30,,2025-10-04,active,174,355,low,0,63,review,inactive_login>120d (+35); stale_access>180d (+18); sensitive_role (+10),59.8,2023-12-16|Joiner|Eintritt ins Unternehmen;2024-04-30|Grant|Berechtigung 'admin_console' zugewiesen;2025-09-19|Login|Letzter Login;2025-10-04|Recert|Letzte Rezertifizierung (bestätigt)
CASE-0235,USR-5965,IT,,IAM,Admin,manage_identities,2022-01-05,2022-01-31,,,inactive,125,439,medium,0,100,revoke,inactive_login>120d (+35); stale_access>365d (+30); medium_privilege (+10); sensitive_role (+10); inactive_user (+15),92.0,2022-01-05|Joiner|Eintritt ins Unternehmen;2022-01-31|Grant|Berechtigung 'manage_identities' zugewiesen;2025-11-07|Login|Letzter Login
CASE-0236,USR-2462,Sales,,CRM,Admin,export_data,2020-11-08,2021-04-11,,,active,54,467,medium,0,60,review,inactive_login>30d (+10); stale_access>365d (+30); medium_privilege (+10); sensitive_role (+10),64.0,2020-11-08|Joiner|Eintritt ins Unternehmen;2021-04-11|Grant|Berechtigung 'export_data' zugewiesen;2026-01-17|Login|Letzter Login
CASE-0237,USR-7609,HR,,CRM,Analyst,admin_console,2023-07-17,2023-08-15,,,terminated,145,14,low,0,65,review,inactive_login>120d (+35); terminated_user_orphan (+30),57.0,2023-07-17|Joiner|Eintritt ins Unternehmen;2023-08-15|Grant|Berechtigung 'admin_console' zugewiesen;2025-10-18|Login|Letzter Login;2026-01-23|Leaver|Austritt aus dem Unternehmen
CASE-0238,USR-9275,IT,,Payroll,Admin,user_support,2022-02-22,2022-03-11,,,active,31,348,low,0,38,review,inactive_login>30d (+10); stale_access>180d (+18); sensitive_role (+10),54.2,2022-02-22|Joiner|Eintritt ins Unternehmen;2022-03-11|Grant|Berechtigung 'user_support' zugewiesen;2026-02-09|Login|Letzter Login
CASE-0239,USR-5670,IT,,ERP,Manager,export_data,2021-05-04,2022-01-02,,2025-04-27,active,12,83,high,0,25,retain,high_privilege (+25),64.0,2021-05-04|Joiner|Eintritt ins Unternehmen;2022-01-02|Grant|Berechtigung 'export_data' zugewiesen;2025-04-27|Recert|Letzte Rezertifizierung (bestätigt);2026-02-28|Login|Letzter Login
CASE-0240,USR-8767,HR,,CRM,Employee,user_support,2021-10-30,2022-09-27,,2025-03-16,active,44,307,medium,0,38,review,inactive_login>30d (+10); stale_access>180d (+18); medium_privilege (+10),54.2,2021-10-30|Joiner|Eintritt ins Unternehmen;2022-09-27|Grant|Berechtigung 'user_support' zugewiesen;2025-03-16|Recert|Letzte Rezertifizierung (bestätigt);2026-01-27|Login|Letzter Login
